Places,Place
Tucanes Tours,Costa Rica
Canopy Safari,Costa Rica
Estero Tours,Costa Rica
Manuel Antonio Spanish School,Costa Rica
Guanacaste Viajes and Tours | Airport Transfers Costa Rica,Costa Rica
Pacheco Tours,Costa Rica
Safari Adventures,Costa Rica
Canoa Aventura,Costa Rica
Coral Reef Tours,Costa Rica
Jungle ATV Quad Tours,Costa Rica
Costa Rica Waterfall Tours,Costa Rica
Costa Rica Expeditions,Costa Rica
My Costa Rica,Costa Rica
"Manuel's Tours, Costa Rica.",Costa Rica
San Jose Urban Tours,Costa Rica
Mardigi Tours,Costa Rica
Rich Coast Diving,Costa Rica
Quepo Canyoning,Costa Rica
Rainforest Chocolate Tour,Costa Rica
ConchalFun,Costa Rica
Surcos Tours,Costa Rica
Panache Sailing,Costa Rica
ADR Adventure Park,Costa Rica
Anywhere Costa Rica - Day Tours,Costa Rica
NexusTours,Costa Rica
Serendipity Charters-Sailing Costa Rica,Costa Rica
Green Vacations Costa Rica,Costa Rica
Cabalgata Don Tobias,Costa Rica
The Night Tour with Tracie The Bug Lady,Costa Rica
Jungle Night Tour Manuel Antonio,Costa Rica
Dragin Fly Fishing Charters,Costa Rica
Costa Rica Nice 'N Easy,Costa Rica
Tiquicia Tours,Costa Rica
Liberia Airport Shuttle,Costa Rica
Memo Adventures Pura Vida In Costa Rica,Costa Rica
PlayaGrande Shuttle & Tours,Costa Rica
Mojo Surf Adventures,Costa Rica
Tree Chocolate Tour,Costa Rica
GoSouth Adventures Costa Rica,Costa Rica
Safari Surf School,Costa Rica
Hacienda El Cenizaro Tours & Adventures,Costa Rica
Osa Canopy Tour,Costa Rica
Everywhere Costa Rica,Costa Rica
ScubaCaribe,Costa Rica
Costa Rica Adventures Travels,Costa Rica
Rancho Tropical,Costa Rica
Sea Bird Sailing Excursions,Costa Rica
The Riding Adventure,Costa Rica
Quepos Fish Adventure Private Day Charters,Costa Rica
Club Rio Outdoor Center,Costa Rica
Volcano Lake Adventures,Costa Rica
Agua Tibia Surf School,Costa Rica
Arenal River Tubing & Hiking,Costa Rica
Point Break Surf School,Costa Rica
Osa Mangrove Tours,Costa Rica
Mystique Nature Tours (Halcon Tours),Costa Rica
Fayla Tours Costa Rica,Costa Rica
Iguana Divers,Costa Rica
Bahia Ballena Kayaks,Costa Rica
Onca Tours,Costa Rica
Skyline Canopy Tour,Costa Rica
Bahia Rica Adventures,Costa Rica
Fly With Us - Ultralight Tours,Costa Rica
Kelly's Surf Shop,Costa Rica
Coffee'N Jungle Night Tour,Costa Rica
Tuanis Tour Tortuguero,Costa Rica
Vacation Buggy Tours,Costa Rica
Fourtrax Adventure Tours,Costa Rica
Wingnuts Canopy Tours,Costa Rica
Jungle Life Costa Rica,Costa Rica
Bijagua Rainforest - Tours,Costa Rica
Centaura- Day Horseback Riding Tours,Costa Rica
Two Little Monkeys Chocolate Tour,Costa Rica
PININOS ADVENTURES,Costa Rica
Beach & Pool Crawl,Costa Rica
Shaman Tours,Costa Rica
Sukia Travel,Costa Rica
Changing Tide Tours,Costa Rica
Explore Samara Tours,Costa Rica
Vic-Tours,Costa Rica
CRS Tours Costa Rica,Costa Rica
William Mangrove Tours,Costa Rica
Scuba Dive Costa Rica,Costa Rica
Be Water Diving Tamarindo,Costa Rica
La Roca Canyoning,Costa Rica
Guanacaste Dreams Vacations,Costa Rica
Samara Sea Tours,Costa Rica
RCR Rafting Guanacaste,Costa Rica
Top Travel Costa Rica,Costa Rica
Pro Rafting Costa Rica,Costa Rica
Pacific Coast Discovery,Costa Rica
Almaco Diving & Tours,Costa Rica
Caño Divers,Costa Rica
Blue Horizon Costa Rica,Costa Rica
Adventours Costa Rica,Costa Rica
Tropical Escapade,Costa Rica
Diamante Verde Tours,Costa Rica
Manuel Tour Guide,Costa Rica
Bill Beard's Costa Rica,Costa Rica
JP Sport Fishing Tours,Costa Rica
Life is Better at Sea,Costa Rica
Surfari Del Mar,Costa Rica
Jean Carlo Tours,Costa Rica
Ficus Tours,Costa Rica
Monteverde Wild,Costa Rica
Ceibo Adventure Caribe,Costa Rica
Sol Tropical Day Tours,Costa Rica
No Limit Adventures CR,Costa Rica
SALT Surf As Life Therapy,Costa Rica
Yemanyá Expeditions,Costa Rica
Go Adventure Arenal Park,Costa Rica
Best Tours CR,Costa Rica
ASSISTTOURS,Costa Rica
ARENAL ATV WHEELS,Costa Rica
Surf Bikini Retreat,Costa Rica
Tide Water Adventure,Costa Rica
Fish Drake Bay,Costa Rica
Zion Paragliding,Costa Rica
Green Rivers Rafting & Kayaking Company,Costa Rica
Surf the Jungle Surf School & Adventures,Costa Rica
Samara Trails,Costa Rica
Costa Rica Dive and Surf,Costa Rica
The Best Day Ever! - Costa Rica Tour Operator,Costa Rica
Pura Vida Adventures,Costa Rica
Nicoya Surf & SUP,Costa Rica
Costa Rican Tropical Tours,Costa Rica
GeckoTico,Costa Rica
Gabriel´s Custom Tours,Costa Rica
Finca Agrícola El Rocío,Costa Rica
Dominical Waverider Surf Camp & Retreat,Costa Rica
Tamarindo Tours Discovery,Costa Rica
Arenal Rides,Costa Rica
Mango's Adventures,Costa Rica
Hibiscus Saling,Costa Rica
Jaco Canyoning,Costa Rica
ATV Tours Morete,Costa Rica
Green Creation Costa Rica - Day Tours,Costa Rica
Extreme M&R,Costa Rica
Snapper Surf School,Costa Rica
Costa Rica Xploring Tours,Costa Rica
Flow Trips,Costa Rica
Guanaverde Experiences,Costa Rica
Believe Surf and Yoga,Costa Rica
Kike's Tours,Costa Rica
Blue Sky Private Tours,Costa Rica
YouAreCostaRica,Costa Rica
El Brujo Tours,Costa Rica
High tide surf school,Costa Rica
Learn Improve Surf Company,Costa Rica
Costa Pacifica Adventures,Costa Rica
The Motmot Jungle,Costa Rica
Finca Tierra,Costa Rica
Waterfall La Muralla,Costa Rica
Playa Islita,Costa Rica
Rancho Quemado,Costa Rica
Cementerio General De Cartago,Costa Rica
El Sitio Museo Finca 6,Costa Rica
Finca Corsicana Pineapple Farm,Costa Rica
Bosques de Fraijanes,Costa Rica
Playa Garza,Costa Rica
Cruz de Alajuelita,Costa Rica
Parque Angostura,Costa Rica
Itarar Ecological Park,Costa Rica
Sixaola Bridge,Costa Rica
Diria National Park,Costa Rica
Nature Park Walk,Costa Rica
Cataratas Bribri Talamanca,Costa Rica
Playa Iguanita,Costa Rica
Finca  Organica,Costa Rica
Saint Michael's Sustainable Community,Costa Rica
Mirador Trail,Costa Rica
Museos Del Banco Central,Costa Rica
Iglesia de San Diego,Costa Rica
Templo de la Musica,Costa Rica
Mall San Pedro,Costa Rica
Hotel La Flor de Itabo Resort & Casino,Costa Rica
Estadio Alejandro Morera Soto,Costa Rica
El Sotano,Costa Rica
Wild Sun Rescue Center,Costa Rica
Pedestrian Mall,Costa Rica
Balneario de Aguas Termales Orosi,Costa Rica
Junquillal Bay Wildlife Refuge,Costa Rica
Playa Junquillal,Costa Rica
Finca EL Zapote Horseback Riding,Costa Rica
Widecast Sea Turtle Conservation,Costa Rica
Golfito National Wildlife Refuge,Costa Rica
Mercado Natural de Curri,Costa Rica
Casa Alegría,Costa Rica
Paseo Metropoli,Costa Rica
Zamia Wildlife Refuge,Costa Rica
Caribbean Botanical Garden,Costa Rica
Hacienda Ébano,Costa Rica
Finca lechera y Rancho Samana,Costa Rica
Leona's Art Studio,Costa Rica
Los Guardianes Wildlife Refuge,Costa Rica
Costa Rica Fun Adventures,Costa Rica
La Selva Cerveza Artesanal,Costa Rica
Catedral de Ciudad Quesada,Costa Rica
Iglesia La Soledad,Costa Rica
Plaza de las Artes,Costa Rica
El Copal Reserve,Costa Rica
Monteverde Art House,Costa Rica
Rancho Tabacon,Costa Rica
EcoPoro Rain Forest,Costa Rica
Capilla en las nubes,Costa Rica
Finca El Paraiso CR - Cheese Farm Tour,Costa Rica
Fiesta Casino,Costa Rica
La Carreta,Costa Rica
Old Atlantic Rail Station,Costa Rica
Canopy Vista Tamarindo,Costa Rica
Grand Casino Escazú,Costa Rica
Jungle Butterfly Farm,Costa Rica
Senderos Colon,Costa Rica
Finca Luna Nueva,Costa Rica
Cabinas Esmo,Costa Rica
Iglesia de San Pedro de Poas,Costa Rica
Turubari,Costa Rica
Termales Agua hermosa,Costa Rica
Isla Jesusita,Costa Rica
Cerro Pelado,Costa Rica
Verde Malakita,Costa Rica
Puerto Soley Beach,Costa Rica
Cementerio de Obreros,Costa Rica
Plaza El Ingenio,Costa Rica
Festival of Light,Costa Rica
Museo Dr. Rafael Calderon Guardia,Costa Rica
W22 Galeria,Costa Rica
Teatro Lucho Barahona,Costa Rica
Refugio de Vida Silvestre Bosque Alegre,Costa Rica
Finca Codeso,Costa Rica
Parque de la Merced Park,Costa Rica
Santa teresa de cutris,Costa Rica
Casino Club Colonial,Costa Rica
Paradise Tropical Gardens,Costa Rica
Bandera Beach,Costa Rica
Parque Central De Grecia,Costa Rica
Multiplaza Curridabat,Costa Rica
Fiestas Palmares,Costa Rica
Minas del Aguacate,Costa Rica
Lomas de Barbudal Biological Reserve,Costa Rica
Teatro de La Aduana,Costa Rica
Museo de Insectos,Costa Rica
Hiller Aviation Museum,Costa Rica
Camaronal Beach,Costa Rica
Plaza Juan Mora Fernandez,Costa Rica
Bosque Caricias los Leones,Costa Rica
Sustainability Demonstration Center,Costa Rica
Mirador Huequecura,Costa Rica
Stone spheres of Costa Rica,Costa Rica
Iglesia de Ladrillo,Costa Rica
Middle Earth Thermal Springs,Costa Rica
Numismatic Museum,Costa Rica
Plaza de la Democracie,Costa Rica
Finca Ecologica Garza del Sol,Costa Rica
East Park,Costa Rica
Playa Gandoca,Costa Rica
Jardin Botanico La Catalina,Costa Rica
Teatro El Triciclo,Costa Rica
monument of Tomas Guardia,Costa Rica
Jurassic World,Costa Rica
Cerro Tinajita,Costa Rica
Iglesia de Sarchi,Costa Rica
House of Dirt Costa Rica,Costa Rica
Get your Birds! Ujarras,Costa Rica
Plaza de la Libertad Electoral,Costa Rica
Guanacaste Expeditions,Costa Rica
El Juglar Cafe Teatro,Costa Rica
Rio Lajas,Costa Rica
Centro Costarricense de Ciencias y Cultura,Costa Rica
Organic Strawberry & Dairy Farm,Costa Rica
Callidryas Tours,Costa Rica
TamaDive,Costa Rica
ConchalFun,Costa Rica
Quepo Canyoning,Costa Rica
Waterfalls Heaven Costa Rica,Costa Rica
Canyoning Costa Rica Maquique Adventure,Costa Rica
Surfer Factory Surf School,Costa Rica
Iguana Tours,Costa Rica
Rain Forest Explorers,Costa Rica
Seven Tours Costa Rica,Costa Rica
Brother's Adventures Tours,Costa Rica
Costa Rica Explorer,Costa Rica
Chocolate Tour Manuel Antonio,Costa Rica
Pacific Trade Winds,Costa Rica
COSTA RICA TRAVELLING TOURS BY AMANDA,Costa Rica
San Jose Urban Tours,Costa Rica
The Night Tour with Tracie The Bug Lady,Costa Rica
Jungle ATV Quad Tours,Costa Rica
Eden Chocolate Tour,Costa Rica
Dante's Water Sports,Costa Rica
"506 - Transfers, Tours and Rentals",Costa Rica
Fishing Costa Rica with Big Eye Charters,Costa Rica
Edwin's Manuel Antonio Nature Tours,Costa Rica
Jungle Life Costa Rica,Costa Rica
Matt's Fishing & Tours,Costa Rica
PININOS ADVENTURES,Costa Rica
Costa Rica Nice 'N Easy,Costa Rica
Green Vacations Costa Rica,Costa Rica
Erik Garcia Conchal Beach,Costa Rica
SCUBA Diving at Summer Salt Dive Center,Costa Rica
Costa Rica Shuttle,Costa Rica
Adrenalina Rafting,Costa Rica
Arenal Rafting,Costa Rica
Oropopo Experience,Costa Rica
Jacamar Naturalist Tours,Costa Rica
Quepos Info Center,Costa Rica
Jaguar Rescue Center,Costa Rica
Guanacaste Viajes and Tours | Airport Transfers Costa Rica,Costa Rica
Go Fish Costa Rica,Costa Rica
Safari Adventures,Costa Rica
La Roca Canyoning,Costa Rica
Mike’s Nature Tours,Costa Rica
Liberia Airport Shuttle,Costa Rica
Costa Rica Xplores,Costa Rica
Canopy Safari,Costa Rica
Lazy Lizard Sailing,Costa Rica
Diving Nomads,Costa Rica
Arenal Rides,Costa Rica
Johan Chaves - Nature and birding Tours,Costa Rica
Monteverde Nature Tracks,Costa Rica
Best Tours CR,Costa Rica
Wellness with Reya,Costa Rica
Fish Bike Tours Tamarindo,Costa Rica
Snapper Surf School,Costa Rica
Nosara CR Surf School,Costa Rica
Rama Surf,Costa Rica
La Fortuna Rentals - Scooters,Costa Rica
Surf the Jungle Surf School & Adventures,Costa Rica
Eco Drivers CR,Costa Rica
Marea Alta Ocean Adventures,Costa Rica
Manuel Tour Guide,Costa Rica
Fly With Us - Ultralight Tours,Costa Rica
Piko Travel,Costa Rica
"Brisa Elegante, the unique 100' wooden sail ship in Quepos/ Manuel Antonio",Costa Rica
The Best Day Ever! - Costa Rica Tour Operator,Costa Rica
Guanaverde Experiences,Costa Rica
GoSouth Adventures Costa Rica,Costa Rica
ATV Backcountry Tours,Costa Rica
Guti Tours,Costa Rica
Pacific Horses,Costa Rica
Surf Expedition,Costa Rica
Santa Teresa Vacations,Costa Rica
Forest Alive,Costa Rica
ADR Adventure Park,Costa Rica
C & C Surf School,Costa Rica
Memo Adventures Pura Vida In Costa Rica,Costa Rica
Pura Vida Adventures,Costa Rica
EasyHop,Costa Rica
Pasion Costa Rica,Costa Rica
ATV La Finca,Costa Rica
The Baqueano,Costa Rica
Tortuga Surf School,Costa Rica
Freddy Tours,Costa Rica
Costa Rica Excursions Travels,Costa Rica
Explornatura,Costa Rica
Aventuras del Sarapiqui,Costa Rica
Extreme M&R,Costa Rica
Radames Tours,Costa Rica
Jason Crocodile Tours,Costa Rica
Tide Water Adventure,Costa Rica
Uvita Paradise Adventures (zip line),Costa Rica
Costa Rica Surf Camp,Costa Rica
Almaco Diving & Tours,Costa Rica
Serendipity Charters-Sailing Costa Rica,Costa Rica
Costa Rica Best Trips,Costa Rica
Costa Canyoning,Costa Rica
Costa Rica Experts,Costa Rica
"ChrisDiving, dive center Playa Potrero",Costa Rica
Pipin Rentals Nosara,Costa Rica
Tamarindo Tours Discovery,Costa Rica
Costa Rican Tropical Tours,Costa Rica
Nature Tours Gabriela,Costa Rica
Everywhere Costa Rica,Costa Rica
Pro Rafting Costa Rica,Costa Rica
Mardigi Tours,Costa Rica
Estero Tours,Costa Rica
Don Olivo Chocolate Tour,Costa Rica
Sarapiqui Outdoor Center,Costa Rica
Adventours Costa Rica,Costa Rica
El Brujo Tours,Costa Rica
Copey Estate Winery,Costa Rica
La Fortuna Rafting,Costa Rica
Uvita Surf Lessons with Bodhi Surf + Yoga,Costa Rica
Tamarindo Surf Experience,Costa Rica
Rich Coast Diving,Costa Rica
Sibou Spa,Costa Rica
Pacific Coast Discovery,Costa Rica
Sibu Tours,Costa Rica
Finca Agrícola El Rocío,Costa Rica
Arenal River Tubing & Hiking,Costa Rica
SER Om Shanti Yoga Studio,Costa Rica
Tico Surf Lessons,Costa Rica
Roy´s the Monteverde local nature guide´s,Costa Rica
Tours Your Way,Costa Rica
Onca Tours,Costa Rica
Best of Costa Rica | Tour Operator & DMC,Costa Rica
Arenal Shuttle Pass,Costa Rica
Costa Pacifica Adventures,Costa Rica
Abel Bustamante - Tour Guide,Costa Rica
Alejandro Surf School,Costa Rica
Diamante Verde Tours,Costa Rica
Changing Tide Tours,Costa Rica
Dees Costa Rica Tours,Costa Rica
Jean Carlo Tours,Costa Rica
Surf Bikini Retreat,Costa Rica
Explore Samara Tours,Costa Rica
Point Break Surf School,Costa Rica
Scuba and Snuba of Costa Rica,Costa Rica
Manta Ray Sailing,Costa Rica
Tuanis Surf School CR,Costa Rica
Liberia Shuttle & Tours,Costa Rica
Sebastians unique tours costa Rica,Costa Rica
Costa Rica Driver and Adventure,Costa Rica
Dominical Adventures,Costa Rica
Nosara Tico Surf School,Costa Rica
BookyBee - Bookings Made Easy,Costa Rica
Blue Zone TOURS,Costa Rica
Agua Tibia Surf School,Costa Rica
Ficus Tours,Costa Rica
Zion Paragliding,Costa Rica
Experience hiking to Leona Waterfall,Costa Rica
Jungle Night Tour Manuel Antonio,Costa Rica
Three Brothers Tours,Costa Rica
Hacienda El Cenizaro Tours & Adventures,Costa Rica
Discovery Horseback Tours,Costa Rica
Night Tour at Tifakara,Costa Rica
Surfari Del Mar,Costa Rica
One Love Ocean Divers,Costa Rica
Orly Tours,Costa Rica
Blue Horizon Costa Rica,Costa Rica
Green Rivers Rafting & Kayaking Company,Costa Rica
Costa Rica Trip Guide,Costa Rica
Be Water Diving Tamarindo,Costa Rica
Royal Service Tours,Costa Rica
Horizontes Nature Tours,Costa Rica
Skydive Costa Rica,Costa Rica
Costa Rica Tropical Adventures,Costa Rica
Terra Travel Costa Rica,Costa Rica
Costa Rica Wet and Wild,Costa Rica
Clamatour,Costa Rica
Discover Tamarindo,Costa Rica
Palo Verde Boat Tours,Costa Rica
Caribbean Surf School & Shop,Costa Rica
Tico Loco Adventures,Costa Rica
Centaura- Day Horseback Riding Tours,Costa Rica
Don Chico Tours,Costa Rica
Life & Culture Travel,Costa Rica
Top Travel Costa Rica,Costa Rica
Epic Adventures Costa Rica,Costa Rica
PlayaGrande Shuttle & Tours,Costa Rica
Canopy Vista Los Suenos,Costa Rica
Tasty VIP & Local Experiences,Costa Rica
Travel Costa Rica Tours,Costa Rica
Raindrop Spa,Costa Rica
Issys Tours Costa Rica,Costa Rica
JP Sport Fishing Tours,Costa Rica
ScubaCaribe,Costa Rica
Coconut Harrys Surf Shop and Surf School,Costa Rica
Costa Rica Dive and Surf,Costa Rica
Roadrunners Private Tours,Costa Rica
Sol Tropical Day Tours,Costa Rica
Gavilana Permaculture,Costa Rica
Beach & Pool Crawl,Costa Rica
Tortuguero Eco Experiences,Costa Rica
Ecoterra Costa Rica,Costa Rica
Jose's Crocodile River Tour,Costa Rica
Pure Jungle Spa,Costa Rica
Matos Surf Shop,Costa Rica
Snorkel Adventure CR,Costa Rica
Believe Surf and Yoga,Costa Rica
Fourtrax Adventure Tours,Costa Rica
Arenal Mundo Aventura,Costa Rica
Ecoglide Arenal Park,Costa Rica
TPV Costa Rica,Costa Rica
Manuel Antonio Spanish School,Costa Rica
Sea Bros,Costa Rica
Hibiscus Saling,Costa Rica
Costa Rica Healing tours,Costa Rica
Nacarcosta Wildlife Adventure,Costa Rica
JC Adventures Costa Rica Tours,Costa Rica
The Riding Adventure,Costa Rica
Horse Jungle,Costa Rica
Surf School By The Wave,Costa Rica
Paradise Adventures Costa Rica,Costa Rica
Pato's Surf School,Costa Rica
Finca Verde Lodge Tours,Costa Rica
Corcovado Hiking Tours,Costa Rica
Caribeans Coffee & Chocolate,Costa Rica
Don Juan Tours,Costa Rica
Costa Rica Adventure Divers,Costa Rica
El Tigre Waterfalls,Costa Rica
Gecko Trail - Day Tours,Costa Rica
Rocket Frog Divers,Costa Rica
Sky Adventures - Arenal Park,Costa Rica
Marlin Sailing Tours,Costa Rica
Costa Rica Tours and Concierge,Costa Rica
Outback Quads,Costa Rica
Martin Tours,Costa Rica
"Surf Lessons, Santa Teresa North, Costa Rica",Costa Rica
Caribe Fun Tours,Costa Rica
Concierge Tamarindo,Costa Rica
Relax Day Tours,Costa Rica
Go Adventures Traveling Costa Rica,Costa Rica
Ecocentro Danaus,Costa Rica
Diamante Eco Adventure Park,Costa Rica
Costa Rica Nature Guides-Private Tours & Transfers,Costa Rica
Top Trails Corcovado,Costa Rica
La Isla Surf School,Costa Rica
Samara Dive School,Costa Rica
Allan Adventures,Costa Rica
Braulio Isaac Vanegas Rojas,Costa Rica
Pura Vida Ride,Costa Rica
Calypso Adventures,Costa Rica
Loco Tours Costa Rica,Costa Rica
Crocodile Man Tour,Costa Rica
Samara Adventures,Costa Rica
Avellanas Soul Surf School,Costa Rica
Ballena Aventura,Costa Rica
Tamarindo Diving,Costa Rica
Alex On The Beach Tours,Costa Rica
Utopia Drake Outdoors,Costa Rica
Rios Tropicales,Costa Rica
Villa Vanilla Spice Tour & Shop,Costa Rica
La Iguana Chocolate,Costa Rica
Gio Tours -  Day Tours,Costa Rica
Faro Travel Costa Rica,Costa Rica
Your Lucky Tour,Costa Rica
Montezuma Yoga,Costa Rica
"Fish Spa Costa Rica, in front of the Beach.",Costa Rica
MyPinkBus - San Jose,Costa Rica
Original Arenal ATV,Costa Rica
Spa Nazareth,Costa Rica
Maikol Salas Sanchez Day Tours,Costa Rica
Catarata Del Toro Adventures,Costa Rica
Miss Sky Canopy Tour,Costa Rica
Blue Pass by Aventuras Arenal,Costa Rica
AXR An Xtreme Rider,Costa Rica
Dolphin Tours,Costa Rica
Tony Expeditions,Costa Rica
Tamarindo Transfers & Tours,Costa Rica
Rica Freedivers,Costa Rica
Caribbean Winds Costa Rica,Costa Rica
Cacao Trails Culture Tour,Costa Rica
Playa Hermosa Vacation,Costa Rica
Ohana Photo Shop,Costa Rica
Mistico Arenal Hanging Bridges Park,Costa Rica
Pininosadventures,Costa Rica
Caribe Sur,Costa Rica
The Biologist from Cahuita,Costa Rica
Green World Adventures,Costa Rica
Destination Services,Costa Rica
PaddleVision,Costa Rica
Nature Walks Costa Rica,Costa Rica
Jairo Tours In Costa Rica,Costa Rica
Fortuna Expeditions,Costa Rica
Jacamar Naturalist Tours,Costa Rica
Esteban Great Adventures,Costa Rica
"Buena Vista Del Rincon Eco Adventure Park, Hotel & Spa",Costa Rica
Greenway Nature Day Tours,Costa Rica
Corcovado Explorers,Costa Rica
Epicatvadventures,Costa Rica
Lydia Beech Art Boutique,Costa Rica
Sibö Chocolate,Costa Rica
Costa Rica Surf & SUP,Costa Rica
Inside Tours Costa Rica,Costa Rica
Costa Rica Tours 4U,Costa Rica
Playtide Catamaran & Charters,Costa Rica
Adventure Park & Hotel Vista Golfo,Costa Rica
Expediciones Tropicales Day Tours,Costa Rica
Jimmy T's Provisions,Costa Rica
Bob Marley Surf School,Costa Rica
506 Expeditions,Costa Rica
Rainforest Adventures,Costa Rica
Nativo Adventures,Costa Rica
Leonardo Tours,Costa Rica
Osa Great Adventure,Costa Rica
Costa Rica Tours & Adventure,Costa Rica
Whitetip Diving,Costa Rica
Costa Rica Monkey Tours -  Day Tours,Costa Rica
Monteverde Extremo Park,Costa Rica
Asuaire Travel,Costa Rica
Five Star Salon And Spa,Costa Rica
Golfo Dulce Dart Tours,Costa Rica
Costa Adventures,Costa Rica
Costa Rica Wild & Fun,Costa Rica
Surf & SUP Conchal,Costa Rica
Royal Charters CR,Costa Rica
Xtreme Tours,Costa Rica
Seafari Costa Rica,Costa Rica
Monteverde Tropical Wildlife,Costa Rica
Tony's Surf School,Costa Rica
Sierpefrogs,Costa Rica
Geo Expedition CR,Costa Rica
Real Adventure Tours,Costa Rica
Caribe Shuttle,Costa Rica
Go Wild,Costa Rica
Parque Aventura San Luis,Costa Rica
Manuel Antonio Trekking and Waterfalls Tours,Costa Rica
Tico Lingo,Costa Rica
El Fogón de Chela,Costa Rica
Tropical Tours Shuttles,Costa Rica
Swiss Travel Costa Rica,Costa Rica
Selvatura Park,Costa Rica
Choco's Surf School,Costa Rica
Tortuguero Tours Andrws,Costa Rica
Rainforest Reef Escape,Costa Rica
Pura Vida Tours,Costa Rica
Costa Rica E Tours,Costa Rica
Nick Holt Fitness,Costa Rica
Mulguri Adventure,Costa Rica
El Jefe Sport Fishing,Costa Rica
Hacienda El Roble & Adventure Center,Costa Rica
Costa Rica Rios,Costa Rica
Rhino Charger Sport Fishing,Costa Rica
Sierpe Outfitters,Costa Rica
Quepos Fishing,Costa Rica
San Luis Canopy Tour,Costa Rica
Things To Do Nosara,Costa Rica
Horse Spirit Healing,Costa Rica
Travel Around Costa Rica Transportation and Guides,Costa Rica
ChepeCletas Tours,Costa Rica
Prime Tours Costa Rica,Costa Rica
Samara Deep Sea Fishing,Costa Rica
Rainforest Adventures,Costa Rica
Surf Break Costa Rica,Costa Rica
SAMA Transfers,Costa Rica
La Anita Rainforest Chocolate Tour,Costa Rica
Nature Tours Sámara,Costa Rica
CR Beach Barn,Costa Rica
Costa Rica Green Life Tours,Costa Rica
Tour Trillo de la Danta,Costa Rica
Tortuguero Native Tour Guide,Costa Rica
Tour Guanacaste,Costa Rica
Costa Rica Amazing Trips,Costa Rica
Life Time Travel,Costa Rica
Private tours with Freddy Tours,Costa Rica
Rio Celeste Nature,Costa Rica
Osa Dreams Tours,Costa Rica
Deep Blue Diving Adventures,Costa Rica
Tropical Comfort Tours,Costa Rica
Bushwacker Sportfishing,Costa Rica
Jaco Travel Experts by Odyssey CR,Costa Rica
Casa Cecropia,Costa Rica
Equus Monteverde,Costa Rica
Feather Hunters CR,Costa Rica
Barrio Bird Walking Tours,Costa Rica
Espiritu Santo Coffee Tour,Costa Rica
Monteverde Wildlife Experiences,Costa Rica
Supherr,Costa Rica
Spa Kinereth,Costa Rica
David Tours - Rio Celeste Horseback Riding,Costa Rica
Water Bike Tours,Costa Rica
Nacho Tours,Costa Rica
G&R Adventures,Costa Rica
Tidal Wave Surf Academy,Costa Rica
Ricky Ricardo Tours & Travels,Costa Rica
Pacific Journeys,Costa Rica
Transfer CR,Costa Rica
Greentique Costa Rica Tours,Costa Rica
Los Monos Sportfishing,Costa Rica
Banana Surf School,Costa Rica
Day Spa Herrera,Costa Rica
Transportes Freylid,Costa Rica
Carara Adventure Park,Costa Rica
La Sirena Surf Adventures,Costa Rica
Selva Adventures,Costa Rica
Maverick Sportfishing Charters,Costa Rica
Sea Native Surf Co,Costa Rica
Coopelesca Tours,Costa Rica
Texas Tico Playa Flamingo Beach Rentals,Costa Rica
Water And Land Activities,Costa Rica
Costa Rica Meadery,Costa Rica
Tamarindo Charter Company,Costa Rica
One with nature,Costa Rica
Danyasa Eco-Retreat - Bamboo Yoga Play Studio,Costa Rica
Interbus de Costa Rica,Costa Rica
BA Divers,Costa Rica
Liberia Airport Shuttle Service,Costa Rica
Kaya Nosara,Costa Rica
Arenal Kayaks,Costa Rica
Tours to Go Costa Rica,Costa Rica
Jason Tours,Costa Rica
Face to Face - Night Walk,Costa Rica
Manuel Antonio Catamaran Adventures,Costa Rica
Turismo Marítimo del Pacífico,Costa Rica
Destination Services CR,Costa Rica
Blueroad Experience,Costa Rica
Eagle Tours,Costa Rica
Smiling Horses,Costa Rica
Ario Tours,Costa Rica
COSTA RICA DIVERS - Snorkeling & Scuba Diving,Costa Rica
All Exclusive Tours Costa Rica,Costa Rica
Teatro Popular Melico Salazar,Costa Rica
Valle Escondido Yoga & Wellness,Costa Rica
Nosara Kids Camp,Costa Rica
Un Tico y Una Gringa Tours,Costa Rica
Arenal Canopy Tour,Costa Rica
Intercultura Costa Rica Spanish Schools,Costa Rica
Virginia Marie Yoga,Costa Rica
Outdoor Adventures Discover Costa Rica,Costa Rica
Side by Side ATV Tours & WILD LIFE,Costa Rica
Estukurú Chocolate Factory and Coffee Shop,Costa Rica
Pininos Adventures,Costa Rica
Rio Claro Aventuras Eco-Tours,Costa Rica
Costa Rica One On One Tours,Costa Rica
Cacho's Surf School,Costa Rica
Franco's Adventures,Costa Rica
Tempisque Ecotours,Costa Rica
Corso Lecheria Tour,Costa Rica
Monkey Mangrove Tour,Costa Rica
Bucus Tours,Costa Rica
Finca Paraiso Organico,Costa Rica
Costa Kite,Costa Rica
Con Rolando,Costa Rica
Manuel Antonio Tico Tours,Costa Rica
Red Eyed Tours,Costa Rica
Pirate Drake,Costa Rica
Green Water SUP Tours,Costa Rica
Sol Eco Adventures,Costa Rica
Aloha JoSi Surf School,Costa Rica
Baila Caribe,Costa Rica
Pura Vida Expeditions,Costa Rica
Offitours Adventures,Costa Rica
Serenity Spa,Costa Rica
Williams Tours,Costa Rica
Wave Riders Surf School Costa Rica,Costa Rica
Catch & relax tour,Costa Rica
Birding Experiences,Costa Rica
Travel Tropical Tours,Costa Rica
Hacienda Pozo Azul,Costa Rica
"Sloth Tour, La Perica",Costa Rica
Sailing Guanacaste,Costa Rica
Carrillo Tours,Costa Rica
Hotel Sueño Real Río Celeste,Costa Rica
Choco,Costa Rica
Marco tours,Costa Rica
Howling Monkey Adventures,Costa Rica
Kinkajou Night Walk Tour,Costa Rica
River Runners CR.,Costa Rica
Arenal Wilberth Stables,Costa Rica
Spirit of the Ocean Sailing Playa Del Coco,Costa Rica
Monteverde Massage Center,Costa Rica
Wakaya Tours CR,Costa Rica
Steve Tours Costa Rica,Costa Rica
Cabure Chocolate Tour,Costa Rica
BriBri Tours,Costa Rica
MarcoPolo Home Rents & Tours CR,Costa Rica
Japi Travels,Costa Rica
Bay Island Cruises - Day Tours,Costa Rica
Bobadilla Tours Costa Rica,Costa Rica
SYL Travel,Costa Rica
Capullo Sportfishing,Costa Rica
Hermosa Boat Trips,Costa Rica
Gemdari Tours,Costa Rica
Osa Canyoning Adventures,Costa Rica
Almendra Lombardi Spa,Costa Rica
Del Mar,Costa Rica
E-Foil Costa Rica,Costa Rica
Esperanza Tours,Costa Rica
Alegria Soul Spa,Costa Rica
Costa Rica Surf Trip,Costa Rica
Expiatours Costa Rica,Costa Rica
Liberia - San Jose Costa Rica Airport Transfers,Costa Rica
Papagayo Fishing,Costa Rica
El Salto,Costa Rica
Endemic Bird Expert Costa Rica,Costa Rica
Tukan Tours,Costa Rica
El Gecko Tours,Costa Rica
Jairo Rivera,Costa Rica
Plus Papagayo Tours and Transfers,Costa Rica
Center of Joy,Costa Rica
Bushmaster Adventures Costa Rica,Costa Rica
Caribe Autentico,Costa Rica
Street Art Tour Jaco,Costa Rica
Ocean Life Costa Rica,Costa Rica
Jaco Surf Club,Costa Rica
Willie's Tours CR,Costa Rica
2 Bros Adventours,Costa Rica
Castor Hunter Thomas Canoe Trips,Costa Rica
Borinquen Thermal Resort Activites,Costa Rica
Pollo Surf School,Costa Rica
Jobbie's Long Boards,Costa Rica
Pure Birding,Costa Rica
Monte de la Cruz,Costa Rica
The Relaxation Spot,Costa Rica
Yoga Maya Uvita,Costa Rica
Exclusive Tour Costa Rica,Costa Rica
Pura Veda Archery,Costa Rica
Monteverde Morning Walk,Costa Rica
Costa Rica Best Drivers,Costa Rica
MVP Tours,Costa Rica
Al Chile Surf Shop and School,Costa Rica
Be Salty,Costa Rica
Café San Luis,Costa Rica
Tortuguero Chelonia Tours,Costa Rica
Mi Cafecito Coffee Tour,Costa Rica
Sanctuary Sailing Adventures,Costa Rica
Eco Wonders Travel,Costa Rica
Arenal Horse Tours,Costa Rica
Guanacaste Traveler,Costa Rica
Bird Photo Hunt C.P,Costa Rica
Rain Forest Adventure,Costa Rica
Blue Line,Costa Rica
Intercultura Language School and Cultural Center,Costa Rica
Alsama Tours,Costa Rica
Surf Meds Caribe,Costa Rica
Real Experiences Costa Rica,Costa Rica
Night Walk Tour Santamarias,Costa Rica
Selva Connections,Costa Rica
Massage Orfa,Costa Rica
Single Fin Surf Charters,Costa Rica
Aventuras Tierra Verde,Costa Rica
Tours Paradise Discover Costa Rica,Costa Rica
Nosara Taxilicious,Costa Rica
Innovative Tours of Costa Rica,Costa Rica
Natural Expeditions,Costa Rica
Arawak Experience,Costa Rica
Arenal Vacations Costa Rica,Costa Rica
Talamanca Chocolate,Costa Rica
Airborne Arts,Costa Rica
Ukulele Surf,Costa Rica
Port Limon Tours,Costa Rica
Los Suenos Spa,Costa Rica
GTxpedition,Costa Rica
Arenas Adventures,Costa Rica
ATV Tours with Fidel,Costa Rica
Rios Adventure Travel,Costa Rica
Lula's Tours & Shop,Costa Rica
Selva Surf School,Costa Rica
Serendipity Adventures,Costa Rica
Xochilt Massage & Spa,Costa Rica
El Sol Monte Verde Tours & Transfers,Costa Rica
Odyssey tours Jaco,Costa Rica
Boruca Travel,Costa Rica
3 Monkies Day Tours,Costa Rica
Botanica Chocolate,Costa Rica
Playa Ponies,Costa Rica
Manuel Antonio Experts,Costa Rica
Canopy Adventure Barva Volcano,Costa Rica
Turrialtours,Costa Rica
Talamanca Family Art,Costa Rica
Evasion diving - Tamarindo,Costa Rica
Cambute Mangrove Tours,Costa Rica
Aquacenter Diving,Costa Rica
Quercus Travel,Costa Rica
Nomad Tours Costa Rica,Costa Rica
Osa Conservation,Costa Rica
CR package Tour Manuel Antonio,Costa Rica
Epic Nature Tours,Costa Rica
Pacific jungle adventures,Costa Rica
Arenal Volcano Ecological Park,Costa Rica
Jhonny Surfing and Ski,Costa Rica
Arenal Private Tours,Costa Rica
The Jungle Breeze,Costa Rica
Kayak Club Tamarindo,Costa Rica
Playa Chiquita Riding Adventures,Costa Rica
Travel in Paradise CR Day Tours,Costa Rica
Sea Kayaking Costa Rica,Costa Rica
Rancho Las Tilapias,Costa Rica
Parasailing Costa Rica,Costa Rica
Arenal Star Transfers & Tours,Costa Rica
Myioborus  Nature Tours,Costa Rica
Tortuguero Natural Tours,Costa Rica
Looking For Costa Rica,Costa Rica
Valle Escondido Night Tour,Costa Rica
Del Rio Spa,Costa Rica
Instituto Estelar Bilingue,Costa Rica
Queveri Horseback Riding Tours,Costa Rica
Parque Nacional Manuel Antonio,Costa Rica
Good Adventures Tours - Day Tours,Costa Rica
Natural Mystic Travel Costa Rica,Costa Rica
Tico Trekking,Costa Rica
Adrenalina Kite & Surf Camp,Costa Rica
Mariposario la Casa de la Morpho Azul,Costa Rica
Birding and Nature tours in Carara,Costa Rica
Finca Ecologica San Luis,Costa Rica
Playa Grande Travel,Costa Rica
Osa Divers,Costa Rica
Adrian Gutierrez,Costa Rica
Costa Rica Yoga Center,Costa Rica
Travesía Costa Rica,Costa Rica
Figa Travel Costa Rica,Costa Rica
Maratopia,Costa Rica
Safaris Corobici-Costa Rica River Trips,Costa Rica
Azul Profundo Boutique,Costa Rica
Excitement Costa Rica,Costa Rica
Bienestar Uvita Yoga Shala,Costa Rica
Jaco Private Transfers,Costa Rica
Terra Spa,Costa Rica
Creek Canyoning Adventures,Costa Rica
Cahuita Tours,Costa Rica
Tuna Fish Sportfishing,Costa Rica
Monteverde Nature Tours,Costa Rica
Horses Hiking Conchal Beach,Costa Rica
Costa Trip CR,Costa Rica
Satsang Yoga,Costa Rica
KDM Travelcr,Costa Rica
Hacienda La Chimba,Costa Rica
Cata Chocolate,Costa Rica
Aurora Yoga,Costa Rica
Raccoon Travels,Costa Rica
Private Costa Rica,Costa Rica
Tour Adventure Costa Rica S.A.,Costa Rica
Tony Corona Tours,Costa Rica
Rocket Frog Divers,Costa Rica
Pelicano SportFishing & Water Sports,Costa Rica
Twona Friends Sport Fishing,Costa Rica
Lidiana Rojas,Costa Rica
Blue Coast CR,Costa Rica
Guanabikers,Costa Rica
Ride the Cloud Forest,Costa Rica
Mine Beauty Bar,Costa Rica
Soul Space Yoga Tamarindo,Costa Rica
DA ECO TRAVEL,Costa Rica
Yara Caribe Tours,Costa Rica
Pura Vida Snorkeling,Costa Rica
NexusTours,Costa Rica
Skydive The Volcano,Costa Rica
CR Naturalist Experiences,Costa Rica
Kiteboarding Costa Rica,Costa Rica
Kawe Surf School,Costa Rica
Nosara Surf Shop,Costa Rica
COPROT Tortugas de Osa,Costa Rica
Ballet Beats Retreats,Costa Rica
Costa Rica For Everyone,Costa Rica
Pura Vida Surf Yoga,Costa Rica
Maracatan Boat Party,Costa Rica
Blue Dream Kitesurfing School,Costa Rica
Choco Tour Costa Rica,Costa Rica
Papagayo Fishing Charters,Costa Rica
Costa Rica Green Adventures,Costa Rica
Osa Birders Tours,Costa Rica
Arenal Oasis Eco Lodge,Costa Rica
Mountain Top Park,Costa Rica
Adrian in Costa Rica Tours and Transportation,Costa Rica
Santana Tours,Costa Rica
Leona Waterfall Rincon De La Vieja,Costa Rica
Costa Rica in Travel Group,Costa Rica
K Ride Tours,Costa Rica
Jaco Rafting,Costa Rica
LIBERIA AIRPORT CR SHUTTLE,Costa Rica
Costa Rica Surf Guide,Costa Rica
Four Seasons Golf Club,Costa Rica
NOSARA MTB,Costa Rica
Tico Rides - Private Day Tours,Costa Rica
Tamarindo Sportfishing,Costa Rica
Searching Waves,Costa Rica
Liberia Airport Shuttle Service,Costa Rica
Vip Tranfers Costa Rica,Costa Rica
Neotropic Wildlife Expeditions,Costa Rica
El Tablao Flamenco,Costa Rica
Fabbody Costa Rica,Costa Rica
Hacienda Pozo Azul,Costa Rica
Whale Tail Brewery,Costa Rica
Shuttle Guanacaste,Costa Rica
Falcon Tours,Costa Rica
Rainforest Chronicles,Costa Rica
Paso Real Tours,Costa Rica
Rafting Uvita,Costa Rica
Aventuras Costa Rica,Costa Rica
A New Day Surf School,Costa Rica
Parque Nacional Manuel Antonio,Costa Rica
Guia Naturalista Olman Gonzalez,Costa Rica
Acqua Spa Jaco Beach,Costa Rica
Javac Tours - Private Day Tours,Costa Rica
Drops Canyoning,Costa Rica
Manuel Antonio ATV Adventures,Costa Rica
Con Mucho Gusto,Costa Rica
Paradise Tours,Costa Rica
Priss Tours (Mangrove Monkey Tour),Costa Rica
Free Spirit Costa Rica,Costa Rica
The Frog Pad,Costa Rica
Helechos Spa,Costa Rica
Oscar Brown Tours,Costa Rica
Sunset Body Works,Costa Rica
Natúa Travel,Costa Rica
Boomerang Tours Costa Rica,Costa Rica
Tokpela,Costa Rica
Sensorial Foods by Chef Daniel Rojas,Costa Rica
Surf Culture,Costa Rica
Horizontes de la Perla Leisure & Adventure,Costa Rica
Santa Juana Tour,Costa Rica
Jahriel's Ecotours,Costa Rica
Nosara Transfers,Costa Rica
Costa Rica Tours VIP,Costa Rica
Reserva Conchal Golf Course,Costa Rica
Green Line Costa Rica,Costa Rica
Jolie Tours,Costa Rica
Agencia de Viajes Costa Rica te Enamora,Costa Rica
Cafe Monteverde,Costa Rica
Drake MOHAGINE Tours,Costa Rica
Costa Rica Escapes,Costa Rica
Hacienda Orosi,Costa Rica
Brillante Souvenir,Costa Rica
Surf Culture Surf Shop,Costa Rica
Trek-king Adventures CR,Costa Rica
Vista Los Suenos - ATV & Buggy Jungle Adventure,Costa Rica
Grateful Surf Yoga & Ayurveda,Costa Rica
Tico Brothers Sports Fishing,Costa Rica
Transfers Tours Costa Rica,Costa Rica
Cariari Tours,Costa Rica
Uvita surf,Costa Rica
Costa Rica Boutique Tour,Costa Rica
Free Tour San Jose,Costa Rica
JC Nature Tour,Costa Rica
Tica Surf Bikinis,Costa Rica
La Danta Salvaje,Costa Rica
Costa Rica Traveland,Costa Rica
Star Paddle Costa Rica,Costa Rica
Black Tip Divers CR,Costa Rica
Octopus Tour CR,Costa Rica
Spa Y Sala De Belleza Real,Costa Rica
TOP Costa Rica,Costa Rica
La Bodega de Chema,Costa Rica
Tarzan Tours - Abel Díaz Borge,Costa Rica
Blue Zone Equestrian,Costa Rica
El Gringo's Rentals Tamarindo,Costa Rica
Juan Mora Sport Fishing,Costa Rica
Trip&Travel,Costa Rica
Montezuma Surf School with Chris Johnson,Costa Rica
Mirador de Ujarras,Costa Rica
Pez Rey Sport Fishing,Costa Rica
Adolfo Martinez,Costa Rica
Chico's Tours,Costa Rica
Super Quads,Costa Rica
Horizon Yoga Center & Tea House,Costa Rica
Gitana Adventure Corcovado,Costa Rica
Wahoo Sportfishing Jaco,Costa Rica
TicoRide Costa Rica,Costa Rica
Wildlife Refuge La Marta,Costa Rica
Jaco Beach Jetski Adverture Tours,Costa Rica
Surf with Andrea Diaz & La Familia,Costa Rica
Sun Burst Coffee,Costa Rica
Day Trips Costa Rica,Costa Rica
Don Bosco Yacht Charters,Costa Rica
Los Piratas de Flamingo,Costa Rica
Ocean Adventure CR,Costa Rica
Amerik Aventure Day Tours,Costa Rica
Easyway Golf Cart,Costa Rica
Buggy Tours Costa Rica,Costa Rica
Varco Travel,Costa Rica
Costa Rica Tour,Costa Rica
Limo Dan,Costa Rica
Golden Bean Coffee Tour,Costa Rica
Don Rafa Adventure Tours,Costa Rica
Costa Rica Sport Fishing on the Predator,Costa Rica
Jorge's Taxis and Shuttles,Costa Rica
Las pavitas tours and transfers,Costa Rica
FlexTours,Costa Rica
Nekoopuninda Tours & Transfers,Costa Rica
Joe on the beach,Costa Rica
Eco Adventure Costa Rica,Costa Rica
Good Day Team,Costa Rica
Costa Rica Specialists,Costa Rica
Montana de Fuego Eco Tours & Adventures,Costa Rica
Transport Costa Rica MV,Costa Rica
Blue Moon Transfers and tours,Costa Rica
Pacifico Resto - Bar & Tours,Costa Rica
Fortuna Services,Costa Rica
Cala Spa,Costa Rica
Jaco 360 Private Tours,Costa Rica
Pininos Adventures Tours,Costa Rica
Oasis Nature Tours,Costa Rica
Papagayo Sports,Costa Rica
Wild Adventures CR,Costa Rica
Fishing Costa Rica Experts,Costa Rica
Costa Rica Best Of The Best Tours,Costa Rica
Nauti Ventures,Costa Rica
Red Eyes Frog expeditions,Costa Rica
Caribe Shuttle San Jose,Costa Rica
Drifters Kayaking,Costa Rica
WAKE Day Spa,Costa Rica
Costa Rica Yoga Sound Journey,Costa Rica
Ecotravel Tamarindo,Costa Rica
Guanacaste Heritage Tours,Costa Rica
Witch s Rock Surf Camp,Costa Rica
Eco Tours Tamarindo,Costa Rica
Jaco Jet Ski Tours,Costa Rica
Del Mar Surf Camp,Costa Rica
Blue Beach Travels,Costa Rica
Costa Rica Private Transfers,Costa Rica
Papi Chulo SportFishing,Costa Rica
Get Hooked Nosara,Costa Rica
Souvenirs La gran Nicoya,Costa Rica
EPIC Sportfishing Charters,Costa Rica
Tamarindo Surf & Tours,Costa Rica
Cava Gourmet Market,Costa Rica
Punta Uva Dive Center,Costa Rica
Sendero Las Mariolas,Costa Rica
La Fortuna Taxi Service,Costa Rica
El Refugio Guanacaste Ecotours,Costa Rica
Noa Noa Surfari Sailing,Costa Rica
Las Islas Lodge Sportfishing,Costa Rica
El Indio Private Tours and Adventures,Costa Rica
Nature Lovers Adventures,Costa Rica
David Corrales,Costa Rica
La Fortuna Butterfly Graden and Tropical Fruit Tours,Costa Rica
SeaBreeze Aviation,Costa Rica
MOWANA SAILING,Costa Rica
Costa Rica Única,Costa Rica
Cocal Adventure Tours,Costa Rica
Agencia Meridianos,Costa Rica
CR Limo Company,Costa Rica
Rigo Suave CR Tours,Costa Rica
Crocodile Bay,Costa Rica
Reel In Luxury Sport Fishing,Costa Rica
Stibrawpa - Day Tours,Costa Rica
Runaway Sport Fishing Boat,Costa Rica
Jaco Dreams,Costa Rica
Mar 1 Sport fishing Quepos Day Trips,Costa Rica
Bikinis Love Designs,Costa Rica
GirlFish Tamarindo,Costa Rica
Ser by Michelle Castellanos,Costa Rica
Crossfit Surfside,Costa Rica
Highland Birds Tours,Costa Rica
Boreal River Adventures - Costa Rica,Costa Rica
Costa Rica Experience,Costa Rica
Tamarindo Massage by the sea,Costa Rica
4x4 Tours Cr,Costa Rica
Leona Waterfall Finca Curubanda,Costa Rica
Sarapiquí Xperience,Costa Rica
Souvenir Ocarina,Costa Rica
Arenal Monkey Tours,Costa Rica
Asociación de Mujeres Guías de Tortuguero,Costa Rica
Jungle Man Costa Rica,Costa Rica
Octavia Design Store Costa Rica,Costa Rica
Terruño Local Experience,Costa Rica
Easy Transfer Costa Rica,Costa Rica
Pez Espada Sportfishing,Costa Rica
Aventuras Naturales Yorkin - Day Tours,Costa Rica
Yesland Mini Golf,Costa Rica
BAMBOO Spa & Body Care,Costa Rica
Body Mind Soul ~ Massage Yoga Wellness,Costa Rica
QM2 Tours,Costa Rica
Plaza Momentum Lindora,Costa Rica
HIGH TIDE TOURS PLAYA GRANDE,Costa Rica
Costa Rica Extreme,Costa Rica
Baouli Ocean Adventures,Costa Rica
Costa Rica Motorcycle Tours,Costa Rica
Masajes Renueva Salud,Costa Rica
Costa Rica Sun Tours,Costa Rica
Cataratas Bijagua,Costa Rica
jacoshuttle2go,Costa Rica
Arenal 1968,Costa Rica
Love Nosara,Costa Rica
Guanacaste Airport Vans,Costa Rica
Aero Caribe Air Charter - Day Tours,Costa Rica
Costa Rica ATV & Horseback Riding Adventures,Costa Rica
Cabinas Jimenez Golfo Dulce Boat Tour,Costa Rica
Carton the Surf Shop,Costa Rica
Guayabo Animal Rescue,Costa Rica
TropicAves,Costa Rica
Hectours Costa Rica,Costa Rica
Cocalito Surf School,Costa Rica
Guti Tours,Costa Rica
Lazy Sunday Night Market,Costa Rica
Tula Vida,Costa Rica
Arialé Masajes,Costa Rica
King Tours,Costa Rica
Adventures Under the Sun,Costa Rica
Pura Vida Experiences,Costa Rica
My Time Butterfly Garden,Costa Rica
Travelling By Bike,Costa Rica
Dolphin Day Tours Costa Rica,Costa Rica
Jungle Tours Dominical,Costa Rica
Drake Bay Nature - Day Tours,Costa Rica
Rios Tropicales by RCR,Costa Rica
Costa Rica Inspirations,Costa Rica
Earth Gear & Carts Tamarindo,Costa Rica
Jungle Night Tour Jaco,Costa Rica
Mangrove Boat Tour,Costa Rica
Blazzing Buggys,Costa Rica
Waves Costa Rica Surf Adventures,Costa Rica
ATVenture Costa Rica,Costa Rica
Tenorio Trails,Costa Rica
Casa Spa,Costa Rica
ROADRUNNER TRANSFERS COSTA RICA,Costa Rica
Ocean Tours Costa Rica,Costa Rica
The Park4you Travel,Costa Rica
Climbing Chirripo,Costa Rica
The Loose Moose Garage,Costa Rica
Meli Melo Boutique,Costa Rica
Sea Kayak Adventures,Costa Rica
Walk On Water Adventures & Media,Costa Rica
True Surf Costa Rica,Costa Rica
Lifer Nature Tours,Costa Rica
Quepos Charters,Costa Rica
Eco Explorers Costa Rica,Costa Rica
Marbella Tours - Day Tours,Costa Rica
Life Power Yoga,Costa Rica
OutStanding Costa Rica,Costa Rica
EazyBikes,Costa Rica
Catamarán Tucan Arenal,Costa Rica
Proyecto Aventura,Costa Rica
Toro Bravo Tours,Costa Rica
Costa Rica tours and transfers,Costa Rica
One Lucky Dogg Tours & Travel,Costa Rica
Knot Working Charters,Costa Rica
Puntarenas Tour,Costa Rica
"Sarapiqui Paddle Sports, Education and Exploration",Costa Rica
School Of Stoke,Costa Rica
Native's Way Costa Rica,Costa Rica
Flor Lavanda Spa,Costa Rica
Discovery Adventure Costa Rica,Costa Rica
El Terruño de los Torres,Costa Rica
Jose Pablo Castaing Gonzalez,Costa Rica
Kailani Surf School & Shop,Costa Rica
Engadi SPA,Costa Rica
Vegan Travel CR,Costa Rica
Mary Massages,Costa Rica
Pocket Wave,Costa Rica
Surfing Costa Rica - Pura Vida,Costa Rica
Megabite,Costa Rica
Jungle Avenue,Costa Rica
La Patrona Sportfishing Charters,Costa Rica
Stam Café,Costa Rica
Secret Spot Costa Rica,Costa Rica
Gypsy Cab Nosara,Costa Rica
Hotel Belmar Wellness Center,Costa Rica
Amnesia Party,Costa Rica
Artes de Osa,Costa Rica
Bad Barts Manzanillo Dive Shop and Adventures,Costa Rica
Planet Dolphin Osa Peninsula,Costa Rica
Rich Coast Tours,Costa Rica
Tamarindo Surf School,Costa Rica
Costa Rica Dream Adventures,Costa Rica
Frenzy Sportfishing,Costa Rica
smarTours: San Jose,Costa Rica
Costa Rica Airport Shuttle,Costa Rica
Goodlight Books,Costa Rica
Reserva Natural de perezosos Taárche Yuúja,Costa Rica
Monteverde Wildlife  Tour,Costa Rica
Ocean Adventures,Costa Rica
Juan Rojas,Costa Rica
PURA VIDA SURF School,Costa Rica
Pleasure Ride Costa Rica,Costa Rica
La Oficina De Charlie,Costa Rica
Sendero Adventures,Costa Rica
Wolaba Walking Tours,Costa Rica
Wally Pacific Excursions,Costa Rica
Jose Pablo Castillo,Costa Rica
Arenal Fortuna Hostel & Tours,Costa Rica
Quita Calzón Sportfishing Charter,Costa Rica
Bioluminescence Kayak tour Costa Rica,Costa Rica
Area 360 Canyoning Arenal,Costa Rica
Costacat cruises Tortuga Island Tour,Costa Rica
North Pacific Adventures,Costa Rica
Vive Travels,Costa Rica
Chorotegas Surf School,Costa Rica
Sport Fishing Pinino,Costa Rica
Sailing Conchal Day Tours,Costa Rica
Mountain Paradise Hotel Spa,Costa Rica
Fortuna Advisor,Costa Rica
The Crazy Monkey Bar,Costa Rica
Explore Turrialba,Costa Rica
ARA Tours Costa Rica,Costa Rica
Costa Rica and Nicaragua Tours,Costa Rica
La Gran Vista,Costa Rica
Oshiis Adventures,Costa Rica
Tropical Tide Costa Rica,Costa Rica
The Chocolate Forest,Costa Rica
Rafting Savegre River,Costa Rica
TurfSafari,Costa Rica
Monteverde Eco Tours,Costa Rica
Tamarindo Polaris Tours,Costa Rica
Arenal Natural Spa,Costa Rica
Stay in Tamarindo,Costa Rica
Sister surf and yoga retreats,Costa Rica
Perfect Break,Costa Rica
Pacific Fly Sportfishing,Costa Rica
The Real San José,Costa Rica
Tico Mae Retreats,Costa Rica
Melissa Guzman,Costa Rica
Atomium Tattoo Studio,Costa Rica
Redfrogteam,Costa Rica
TBT Costa Rica,Costa Rica
Dominicalito Fishing Tours,Costa Rica
Costa Rica Tour Services,Costa Rica
Casa Luisa show and Dinner,Costa Rica
GoDive Costa Rica,Costa Rica
Herradura Divers,Costa Rica
Va de nuevo,Costa Rica
Samif Transportes,Costa Rica
Go Cloud Forest,Costa Rica
Caribbean Coastering Tours,Costa Rica
Tropical Gourmet Costa Rica,Costa Rica
Higher Ground,Costa Rica
Parapente Pura Vida,Costa Rica
Garra de Leon Golf Course,Costa Rica
Traveling Nomad Translator,Costa Rica
Detours Costa Rica Five Stars,Costa Rica
Lobos Tour,Costa Rica
SeaHorse Ocean Tours,Costa Rica
Off Road Adventures,Costa Rica
Guanacaste Experience,Costa Rica
Cervezas Artesanales Belmar,Costa Rica
Victory Sport Fishing,Costa Rica
Esterillos CR Transfers & Tours,Costa Rica
Super Joseth,Costa Rica
Chana Tours Costa Rica,Costa Rica
Discount Liquor Wine & Cigars,Costa Rica
Golfito Free Tours,Costa Rica
Costa Tamarindo,Costa Rica
Costa Rica Paradise Travel,Costa Rica
Ocean Leather,Costa Rica
Gurrion Tour,Costa Rica
Selva Mar Tours,Costa Rica
Eco Tours Costa Rica,Costa Rica
Rafting Orosi,Costa Rica
Papagayo Holidays- Day Tours,Costa Rica
Osa´s Waves Travel,Costa Rica
Los Suenos Sportfishing Charters,Costa Rica
Zancudo Boat Tours,Costa Rica
Rogue Rappelling,Costa Rica
Costa Rica Guides - Day Tours,Costa Rica
Coastal Balance SUP,Costa Rica
Maestros Wine & Grill,Costa Rica
Club Karma Lounge,Costa Rica
Jaco Manta Surf School,Costa Rica
Osa Nature Seeker,Costa Rica
Bol Cariari,Costa Rica
Coco Tour Cahuita,Costa Rica
Ocotal Divers Costa Rica,Costa Rica
Outback Atv Tours,Costa Rica
Gato Tours Sport Fishing,Costa Rica
Tarzan Ropes Adventure Tours,Costa Rica
Osa Nature Experts,Costa Rica
Blue Osa Adventures,Costa Rica
Birding Journeys CR,Costa Rica
Ocelotour Corcovado,Costa Rica
Oceans Unlimited Golfito,Costa Rica
Jenstones Gallery,Costa Rica
White Lotus Transformation,Costa Rica
MyPinkBus - La Fortuna,Costa Rica
Pura Adventure Surf School,Costa Rica
Airtime Zipline,Costa Rica
King Fish III,Costa Rica
Tienda eNe,Costa Rica
Miravalles Tours,Costa Rica
Dream On Adventure Tours - Day Tours,Costa Rica
Transportes Aguibamar,Costa Rica
Luis Vega Certified Tour Guide ICT#1508,Costa Rica
Natural Jewels Costa Rica,Costa Rica
CATA  Agave Bar,Costa Rica
The Gift Sloth,Costa Rica
Top Notch Fishing Charters,Costa Rica
Mariposario Rio Celeste,Costa Rica
SurfX,Costa Rica
CRESCENTIA EXPEDITIONS COSTA RICA,Costa Rica
Nahua,Costa Rica
Mystic Dive Center,Costa Rica
Liberia Tours,Costa Rica
Osa Cacao Chocolate Factory - Organic Farm Tours,Costa Rica
Kayak Manuel Antonio,Costa Rica
Plumeria Spa,Costa Rica
Tamarindo  Surf Shack,Costa Rica
Corcovado Dreams,Costa Rica
Vista Guapa Surf Camp,Costa Rica
Pura Vida Luxury Transfers & Tours,Costa Rica
Yate Tour Papagayo,Costa Rica
Kayak Costa Rica,Costa Rica
Costa Rica Best Choice,Costa Rica
Catarata Tesoro Escondido,Costa Rica
Brindisi Group,Costa Rica
Costa Rica For Kids,Costa Rica
montana tours,Costa Rica
Guiones Transports,Costa Rica
Downtown Yoga - Single Day Classes,Costa Rica
Sapoa Adventures,Costa Rica
Ayana Spa,Costa Rica
Termales Los Laureles  Hot Springs,Costa Rica
Galeria Aguas Verdes,Costa Rica
Undersea Hunter Group,Costa Rica
The Beauty Bar Nosara,Costa Rica
Todd Oborne,Costa Rica
Arboressence Natural Wellness,Costa Rica
Seasonings & Greetings,Costa Rica
Hermanos Del Mar Charters,Costa Rica
Sugar Tour CR,Costa Rica
Boruca Gallery Gift Shop,Costa Rica
Face to Face Night Walk - Tamarindo,Costa Rica
Eskalar CR,Costa Rica
Cinepolis Tres Rios,Costa Rica
Discount Car Rental,Costa Rica
Walter Surf Shop,Costa Rica
Chasing Adventures,Costa Rica
Bliss Spa CR,Costa Rica
Amazing Costa Rica,Costa Rica
RAW Surf & Fitness,Costa Rica
Traveling Costa Rica,Costa Rica
Tica Massage,Costa Rica
Blush Spa and Beauty Salon,Costa Rica
Las Baulas Concierge,Costa Rica
The Tequila Fish,Costa Rica
Catie Jardin Botanico,Costa Rica
Mirse Azul Sportfishing Boat,Costa Rica
Sloths  Guanacaste Expedition,Costa Rica
Jonnathan,Costa Rica
Lirio Lodge,Costa Rica
Private Day Tour with Local,Costa Rica
Bikecraft,Costa Rica
Luna Yoga - Playa Grande,Costa Rica
La Vieja Adventures,Costa Rica
Wildlife Art Tours,Costa Rica
Valle de Sol Golf Course,Costa Rica
Sea Life Sport Fishing Papagayo,Costa Rica
Rich Coast Connections,Costa Rica
Santa Elena Cooperative Coffee Tours,Costa Rica
Dika Spa Service,Costa Rica
Adventure Tours in Costa Rica,Costa Rica
Jungle Man Tours,Costa Rica
Monkey Bar,Costa Rica
Explore_quepos,Costa Rica
Nature Amazing Tours Costa Rica,Costa Rica
Senses Spa & Wellness Center,Costa Rica
Surf Your Mind,Costa Rica
Nala Walking Tours,Costa Rica
Onzen Spa,Costa Rica
Surferpuertoviejo,Costa Rica
Jungle Tours Costa Rica,Costa Rica
Buena Vista Sportfishing,Costa Rica
The Polar Hunter,Costa Rica
BoMar Tours,Costa Rica
Sea Life Papagayo Tours,Costa Rica
Sarapiqui Tours,Costa Rica
Luxury Transfers & Tours,Costa Rica
Sunnyside Adventures Costa Rica - Day Tours,Costa Rica
Caribbean Adventures Costa Rica,Costa Rica
Santa Teresa Surf School,Costa Rica
"Surf Instructor, Santa Teresa (Mickey)",Costa Rica
Transfer & Tours Salazar Espinoza,Costa Rica
Esterillos Surf School,Costa Rica
Massage by Ludmila,Costa Rica
Nova Fortuna,Costa Rica
Beso Loco Boutique de Playa,Costa Rica
Arroyo Adventures,Costa Rica
Ecoculturecr,Costa Rica
MyPinkBus - Jaco,Costa Rica
Book Liberia Transfers CR,Costa Rica
Jump Center,Costa Rica
Montañas De Cariblanco,Costa Rica
Pure Spa,Costa Rica
Frank Chicas Costa Rica Tours,Costa Rica
Aron The Big Papi,Costa Rica
Tracopa Ltda,Costa Rica
Nosara Transports,Costa Rica
Betto Massage,Costa Rica
Spa Fénix Costa Rica,Costa Rica
Bambu,Costa Rica
Souvenir Guanacaste,Costa Rica
Ecoaventuras Day Tours,Costa Rica
Jaco Blu Beach Club,Costa Rica
Beatle Bar,Costa Rica
Guanatours,Costa Rica
Bodhi Tree Yoga Resort,Costa Rica
Lupo Charters,Costa Rica
Yoga Playa Grande,Costa Rica
Sky Solutions CR,Costa Rica
Arenal Extreme Adventure,Costa Rica
Take a Walk Limon,Costa Rica
Belize Caves And Limpkin Tours,Costa Rica
Manage My Property,Costa Rica
Cataratas  Namu,Costa Rica
V Entertainment Spa,Costa Rica
Filadelfia Shuttle Group,Costa Rica
Transportation,Costa Rica
Diego Surf Lessons and Trips,Costa Rica
Tour De Fresas,Costa Rica
Best in Jaco Day Tours,Costa Rica
Finca Blanco Y Negro,Costa Rica
Bemos Tours And Rides,Costa Rica
Maleku Chocolate,Costa Rica
The Void Hemp Concept Store,Costa Rica
Cafe de Guanacaste Coffee Tour,Costa Rica
Sport Fishing Herradura,Costa Rica
Ale’s Local Experience C.R,Costa Rica
Makai Surf School,Costa Rica
Jaco Beach Day Tours,Costa Rica
BambooBikeCR,Costa Rica
Foresta,Costa Rica
Natria Spa,Costa Rica
JD's Watersports,Costa Rica
Quepos Fishing Charters Costa Rica,Costa Rica
Floating Dreams,Costa Rica
Mr Shuttle CR,Costa Rica
Freedom Diving Sámara,Costa Rica
Big Step Art Studio,Costa Rica
Jaco Tours Costa Rica Day Tours,Costa Rica
Costa Rica Escape Bus,Costa Rica
Costa Rica Tour Kiosk,Costa Rica
Gringo Curt's,Costa Rica
Surf and SUP Coco,Costa Rica
Campina Expeditions,Costa Rica
Tinti Wildlife Sanctuary & Permaculture,Costa Rica
Costa Rica Nature Trails,Costa Rica
Green Iguana Surf Camp,Costa Rica
Blangala sailing,Costa Rica
Tours Conchal - Day Tours,Costa Rica
San Jose Airport Shuttle,Costa Rica
Eco Adventure Park Day Pass,Costa Rica
La Estrella Stables,Costa Rica
Flamingo Casino Costa Rica,Costa Rica
Ecotrips Costa Rica,Costa Rica
Souvenir El Coco,Costa Rica
Ecogarden Night Walk,Costa Rica
Rio Celeste Aventuras,Costa Rica
Travel and Birding,Costa Rica
Transol Travel,Costa Rica
Oropendola Waterfall,Costa Rica
Mioderma,Costa Rica
Playa Negra Beach Yoga,Costa Rica
Cr Foil,Costa Rica
Funny Tours Costa Rica,Costa Rica
Jvigila,Costa Rica
Trc Viajes Agency,Costa Rica
South Costa Rica Birders,Costa Rica
Sr. y Sra Ese Souvenir Store,Costa Rica
Explore El Castillo Cr,Costa Rica
Quepos Cultural Immersion,Costa Rica
Tamarindo Massage,Costa Rica
Explorica S.A,Costa Rica
El Zota Biological Field Station,Costa Rica
"Casa Kalana Surf Villa in Playa Negra, Costa Rica",Costa Rica
Easytransferscr,Costa Rica
Ticoshuttle,Costa Rica
La Nigüenta Artesanía y Diseño,Costa Rica
Enchanting Costa Rica,Costa Rica
Coopearsa,Costa Rica
VIP Costa Rica Transportation and Tours,Costa Rica
Renacer Massages,Costa Rica
Jazz Cafe San Pedro,Costa Rica
Lahari Wellness Center,Costa Rica
Sloth Souvenir,Costa Rica
Funny Wave Surf Camp,Costa Rica
Yate Azul Tours,Costa Rica
Arenal Rent Scooter,Costa Rica
Rancho Los Coyotes,Costa Rica
Taste of Jaco,Costa Rica
Greenways Explorer,Costa Rica
HOOK'd Costa Rica,Costa Rica
Sierpe Aventuras,Costa Rica
Centro de Terapias Musculoesquéleticas y soluciones ortopédicas,Costa Rica
Jaguar You experiences,Costa Rica
Costa Rica adventure tours & transportation,Costa Rica
Lotus Garden Spa,Costa Rica
Cooking Costa Rica Homemade Food,Costa Rica
La Paz Wellness and Spa,Costa Rica
Wildbird Tours,Costa Rica
Arenal Tours,Costa Rica
Samara Ultimate Fishing Adventures,Costa Rica
Swordfish CR,Costa Rica
Ocean Adventure Costa Rica,Costa Rica
Inner Peace Massage Costa Rica,Costa Rica
Costa Rica Fishing and Eco Adventure Tours at Crocodile Bay Resort,Costa Rica
Kinky Bar & Restaurante,Costa Rica
Mr-Yeti Photographer,Costa Rica
Chile Monoloco,Costa Rica
Caribbean Tours,Costa Rica
Ahuia Spa,Costa Rica
Transnet Costa Rica S.A.,Costa Rica
El Taller Secreto,Costa Rica
Costa Rica Kayak Fishing - Day Tours,Costa Rica
Paw House Roasters,Costa Rica
Amigos del Rio,Costa Rica
The Art Boutique,Costa Rica
Jiro Transfers,Costa Rica
Manolo’s Tours Costa Rica,Costa Rica
Monkey Surf School,Costa Rica
Víctor Belloso Díaz Tour Guide,Costa Rica
Dilan tours.,Costa Rica
Fragata Tours Costa Rica,Costa Rica
Laberinto Río Celeste,Costa Rica
"Tour en kayak monkey mangrove, Ducartours",Costa Rica
Frutas Y Verduras Bonilla,Costa Rica
Manuel Antonio Canopy Adventure,Costa Rica
Nosara Adventure & SUP,Costa Rica
Fragatas Tours,Costa Rica
Mountain Bike Tours,Costa Rica
Queso Canaan,Costa Rica
Desafios Tour,Costa Rica
Pub Crawl Costa Rica,Costa Rica
Art City Tours,Costa Rica
Cinco Ramas,Costa Rica
Caña Brava - Handmade Souvenirs & Gifts,Costa Rica
Parrot Rescue Center Of Costa Rica,Costa Rica
"Rancho Humo, Protected and Nature Conservancy Reserve",Costa Rica
CentralAmerica.com,Costa Rica
Parque Nacional Manuel Antonio,Costa Rica
Old Reef Farm,Costa Rica
El Coco Fishing Club,Costa Rica
Spa Diamante,Costa Rica
Tres Amigos,Costa Rica
Enigmata Escape Room,Costa Rica
Krama,Costa Rica
Agencia de Viajes y Transportes Taz&Mia Adventure Tours,Costa Rica
Scatterbrain Charters,Costa Rica
Toni Tents,Costa Rica
Bahia Artshop,Costa Rica
Cafetal Santa Rosa,Costa Rica
Hacienda Monte Claro,Costa Rica
Morpho Spanish School,Costa Rica
Finca Los Wilas,Costa Rica
Lavender Spa by Help 4 Your Feet,Costa Rica
Monkey 'N Croc,Costa Rica
Gallina E Palo Bar,Costa Rica
Flamingo Travel CR,Costa Rica
PURAlates,Costa Rica
Agouti Tours,Costa Rica
Paradise Surf School,Costa Rica
Rio Celeste Blue Adventures,Costa Rica
Bar La Bomba,Costa Rica
Costa Rica Fishing Charters & Reports,Costa Rica
Plaza Via Condotti,Costa Rica
Costa Rica Anyway Tour,Costa Rica
Mercado Municipal,Costa Rica
Costa Rica Info Center,Costa Rica
Arcos Del Pacifico,Costa Rica
Santa Teresa Travels,Costa Rica
Aventuras Macha Tours,Costa Rica
Catarata Manantial de Agua Viva,Costa Rica
9N,Costa Rica
Welcome to Nicaragua,Costa Rica
Ciao Bella,Costa Rica
Jaco Art Tour,Costa Rica
ATV Rental Santa Teresa,Costa Rica
Oceanlands Tours,Costa Rica
Jens Holistic Bodywork,Costa Rica
Fishing Costa Rica - Day Trips,Costa Rica
Greg Gordon,Costa Rica
Reserva Privada El Quetzal,Costa Rica
Osa Corcovado Guide,Costa Rica
Jacana Tours Heart of Palm tours,Costa Rica
Best ATV Tours,Costa Rica
The Cart Guy,Costa Rica
InnSaei Costa Rica,Costa Rica
Coco Yoga & Wellness,Costa Rica
ViLaras Tours Sportfishing,Costa Rica
Ballena Outdoors,Costa Rica
Cocos Fishing Supply,Costa Rica
District One,Costa Rica
Parque Nacional Volcán Arenal,Costa Rica
Biko Salon,Costa Rica
Denga,Costa Rica
Monteverde Tours,Costa Rica
Liberia Airport Transfers CR,Costa Rica
Gay Travel Costa Rica,Costa Rica
Rafa´s Enshu Tours,Costa Rica
Maratopia,Costa Rica
Tropicaliaspa,Costa Rica
Take off surf school,Costa Rica
El Tesoro,Costa Rica
Finca Ficus Night Walk,Costa Rica
Espacio Intuitivo,Costa Rica
Rio Celeste By Chris Tours,Costa Rica
Manuel Antonio AdvenTour,Costa Rica
Lobo,Costa Rica
Corea Travel,Costa Rica
La Esquina Verde,Costa Rica
Sky Solutions,Costa Rica
Cocoloco Adventure,Costa Rica
Tropical Honey Tours,Costa Rica
Dancing Class Manuel Antonio,Costa Rica
Botsu Tours,Costa Rica
Cataratas y pozas escondidas de Uvita,Costa Rica
Yacht Costa Rica,Costa Rica
rio celeste concierge,Costa Rica
Turismo Curú,Costa Rica
Shalom ATV Tours,Costa Rica
Pavones Surf Adventures,Costa Rica
Broken Waterfalls,Costa Rica
SeaStars Expeditions,Costa Rica
Travel Costa Rica,Costa Rica
Liberia Airport Transfers,Costa Rica
Río Celeste To know,Costa Rica
Good Catch Costa Rica,Costa Rica
Liberia Shuttle Costa Rica,Costa Rica
La Rumba Disco Club,Costa Rica
Bella Vista Cocina,Costa Rica
Madrena Barber Shop,Costa Rica
Santa Juana Lodge & Nature Reserve,Costa Rica
Shusha Spa & Beauty,Costa Rica
My Ride CR,Costa Rica
Experience Costa Rica,Costa Rica
Diving Center Cuajiniquil,Costa Rica
Finca Las Cascadas Drake Bay,Costa Rica
Grey's Adventures,Costa Rica
Pirate Surf School,Costa Rica
Costa Rica Sport and Spearfishing Tours,Costa Rica
Legend Costa Rica,Costa Rica
Balance Center Spa,Costa Rica
Hiking Tours Nosara,Costa Rica
Pablo C,Costa Rica
Tienda de souvenirs La Pradera,Costa Rica
Playa Chiquita Surf School,Costa Rica
Menu Travel,Costa Rica
Santa Tere Tuk Tuk Service,Costa Rica
Papito Tranfers and Tours,Costa Rica
Costa Rica Jungle Tours,Costa Rica
Sendero los Tucanes,Costa Rica
Spa Jireh,Costa Rica
Guaitil Cudeg,Costa Rica
Maximo Nivel Costa Rica - San Pedro,Costa Rica
Arenal Volcano Private Guide,Costa Rica
Costa Rica Party Bus,Costa Rica
Luxe Bae Costa Rica,Costa Rica
Finca Ecoorganica Sarapiqui,Costa Rica
Nosara Spanish Institute,Costa Rica
Nenúfar Beauty salón and barber shop,Costa Rica
Cerro La Trinidad,Costa Rica
Transportes Maysa,Costa Rica
The Original Canopy Tour,Costa Rica
Swimming Nosara,Costa Rica
QM2 Boat tours,Costa Rica
Finca Isabella,Costa Rica
Gold Coast Bonanza,Costa Rica
La Casona de Pani,Costa Rica
CoreaTravel,Costa Rica
Costa Rica Airport Transfers,Costa Rica
"Tarcoles, Costa Rica",Costa Rica
Bella Aventura Costa Rica - Reiseveranstalter,Costa Rica
Adventure Divers,Costa Rica
Flamingo Tour/Arenal,Costa Rica
Cataleya Natural Spa,Costa Rica
ASAP Tours,Costa Rica
Costa Rican Vans,Costa Rica
Premier Surf Club - Day Tour,Costa Rica
Tour Cultural Tradiciones Costarricenses by Kioro,Costa Rica
Costa Rica Premier Tours,Costa Rica
Peace & Art Studio,Costa Rica
You Got Mel,Costa Rica
Ignacio,Costa Rica
Esterillos Beach Bike Rentals,Costa Rica
Shantishala Yoga,Costa Rica
JyG Furniture and Coffee Gifts Costa Rica,Costa Rica
Danissa Tempisque Tours,Costa Rica
Sailing Los Suenos,Costa Rica
Bijagual Waterfall,Costa Rica
One Day Tours Costa Rica,Costa Rica
Hand Made Art shop,Costa Rica
Irazú Volcano National Park,Costa Rica
Café Artesanal Los Sauces,Costa Rica
Visions Art Center,Costa Rica
Costa Rica Holiday Rentals Poas Volcano Tour,Costa Rica
Redfrogteam,Costa Rica
Costa Rica Geology Tours- Adventure Geology Tours,Costa Rica
Zipline Adventure Costa Rica,Costa Rica
Libreria Internacional,Costa Rica
Dkoko,Costa Rica
Water and Fire in Paradise Tour,Costa Rica
Puerto Caldera,Costa Rica
Fishing-CR,Costa Rica
Balu Surf School,Costa Rica
J&J TravelsCR,Costa Rica
Peck Tours,Costa Rica
Naturaleza Intuitiva,Costa Rica
La Leona Waterfall Adventure Tour,Costa Rica
Finca Las Cataratas,Costa Rica
Puerta Limon Monster Bus & Rainforest Expedition,Costa Rica
Pura Vida Dive Club,Costa Rica
Yellow House,Costa Rica
Mercado Borbon,Costa Rica
MuchaCostaRica,Costa Rica
Spiral Model of Poverty Transformation,Costa Rica
Rootstown Compagny,Costa Rica
Fishing Tours in Costa Rica,Costa Rica
Captain Zodiac Costa Rica,Costa Rica
Pro Driver,Costa Rica
Manuel Antonio Travel Costa Rica,Costa Rica
A friend in Costa Rica,Costa Rica
Puro Pacifico Charters,Costa Rica
El Coco Fishing Club,Costa Rica
CrossFit  Potrero,Costa Rica
Pulga Adventures & Tours,Costa Rica
Salamandra Tours,Costa Rica
Aquamermaid,Costa Rica
Luminare Sport Fishing,Costa Rica
Spa Day Manuel Antonio.,Costa Rica
Territorio Paintball,Costa Rica
Pacific MediSpa,Costa Rica
Papi Chulo Sportfishing,Costa Rica
Tamarindo Tuor/Nicaragua,Costa Rica
MapleTico Tours,Costa Rica
Marlin del Rey,Costa Rica
Souvenir Colores De Costa Rica,Costa Rica
BioSur Foundation Wildlife Expeditions,Costa Rica
La Cuchara de Jacky,Costa Rica
Faro Travel Costa Rica,Costa Rica
Spanish lessons,Costa Rica
Tamarindo Charter Fishing,Costa Rica
Clases de cocina Pekari.,Costa Rica
Top Private Tours,Costa Rica
Osa Golf Course,Costa Rica
Luna Lounge,Costa Rica
Salamandra Tours,Costa Rica
Costa Rica Elite Transfers,Costa Rica
UltimateRidesCr,Costa Rica
Enduro Tour Costa Rica,Costa Rica
Playa Puntarenitas,Costa Rica
White Sloth Art Studio,Costa Rica
Vargas Tours,Costa Rica
Vi Lara's Sport Fishing,Costa Rica
Tierra de Yoga,Costa Rica
Rancho Heliconia,Costa Rica
Freddy Alonso Fallas Calderón,Costa Rica
Pacific Boat Rentals,Costa Rica
Alien Store Jaco,Costa Rica
"Sarapiqui Paddle Sports, Education and Exploration",Costa Rica
Costa Rica Fruits And Birds,Costa Rica
Embassy Club de Artes,Costa Rica
Activities-tours at O' Pacifico Hotel,Costa Rica
Pavones Surf Shop,Costa Rica
Tico Wind,Costa Rica
GTxpedition,Costa Rica
Stretch Snap n' Twist,Costa Rica
Blue Ocean Sportfishing,Costa Rica
Lokafy,Costa Rica
San Antonio de Padua,Costa Rica
Cataratas y Senderos Avellan,Costa Rica
Tours Costa Rica,Costa Rica
Quepos Fishing Charters,Costa Rica
Invicta Real Estates,Costa Rica
PERLA COSTA RICA TOURS,Costa Rica
What to do Costa Rica,Costa Rica
Santa Teresa Surf & Adventures,Costa Rica
Uvita Arts Center,Costa Rica
Mid Tide Massage,Costa Rica
Eladio's Place,Costa Rica
Haacienda la Chimba,Costa Rica
Yoga Retreat At Blue River Resort & Hot Springs,Costa Rica
Tres Amigos Sportfishing,Costa Rica
One Love Massage and Surf School,Costa Rica
Erik Rosales Lopez,Costa Rica
Transport Gussy,Costa Rica
RHOMTRIP,Costa Rica
Crocodile Man Tour,Costa Rica
Gacci's Boat Tours,Costa Rica
Insectario Monteverde,Costa Rica
Costa Rica Traveling,Costa Rica
Translios,Costa Rica
Vista Arenal,Costa Rica
Maryfe,Costa Rica
Airboat Adventures CR,Costa Rica
COSTA RICA TRAVEL AGENCY,Costa Rica
Tourism Services Day Tours,Costa Rica
Aventuras Picotours,Costa Rica
Cinepolis,Costa Rica
Tim Thomson,Costa Rica
Massage and Vayu Yoga,Costa Rica
Long Line Flamingo Charters,Costa Rica
Ocean Zen Spa,Costa Rica
YUANER QUIROS,Costa Rica
Souvenir Mi Finca,Costa Rica
TransVillalobos,Costa Rica
Costa Rica Talk,Costa Rica
Morphosis Spa,Costa Rica
Animal Limit Adventures,Costa Rica
Endless Summer Surf Camp,Costa Rica
Go Jaco,Costa Rica
Aerotour,Costa Rica
Women Overlanding the World Retreats,Costa Rica
Frida Travel Costa Rica,Costa Rica
TropicOlas Surf School,Costa Rica
maiztourcr,Costa Rica
Travelviaggio,Costa Rica
Condor Verde Travel,Costa Rica
El Secreto,Costa Rica
Aura Maria Estetica and Spa,Costa Rica
Eladio's Place & Nature Adventures,Costa Rica
Arte Sibo,Costa Rica
Jewber Costa Rica,Costa Rica
13´30,Costa Rica
Conocer,Costa Rica
Spa El Descanso,Costa Rica
Costa Rica Top Tours,Costa Rica
El Wahito Sportfishing - Private Charters,Costa Rica
Pacific Coast Charters - Day Tours,Costa Rica
Surf With Andrea Diaz  & La Familia,Costa Rica
Pura Vida Souvenir Shop,Costa Rica
Inspirit Travel,Costa Rica
La Chiripa,Costa Rica
Super Negro,Costa Rica
Yicel Shipwreck,Costa Rica
Playa Chiquita,Costa Rica
Gecko Shuttle And Tours Costa Rica,Costa Rica
ADVENTURING CR,Costa Rica
Ferry From paquera to Puntarenas,Costa Rica
Centro Médico del Sur,Costa Rica
Traveling Spoon,Costa Rica
Tropical Explorers,Costa Rica
Costa Rican Wildlife Tours,Costa Rica
Look Aurora Spa & Beauty,Costa Rica
Hiking Manuel Antonio,Costa Rica
Top Private Tours,Costa Rica
Bliss Spa by Kenia,Costa Rica
Shiatsu Spa,Costa Rica
Yoga Langosta,Costa Rica
Oasis las Palmas,Costa Rica
Traveling Spoon,Costa Rica
Adventure Park & Hotel Vista Golfo,Costa Rica
Yellofin Tours,Costa Rica
Liberia Airport Shuttle Service,Costa Rica
Bodhi Del Mar,Costa Rica
TrailWays,Costa Rica
Herradura Fishing,Costa Rica
Masajes Vida Natural,Costa Rica
Transportes Transvanu,Costa Rica
Atrapa Sueños  SportFishing,Costa Rica
Ninkasi Beer Experience,Costa Rica
Nigth Tour Don Rodolfo,Costa Rica
Focused Bodywork,Costa Rica
Gaviota Mangrove Tour,Costa Rica
"Soles del Tiempo, Life-ness Center",Costa Rica
Dantica Gallery,Costa Rica
Congo,Costa Rica
Playa Potrero,Costa Rica
Skate World,Costa Rica
Lecanto Experience,Costa Rica
Bodegas Quitapenas,Costa Rica
Playa Cacao,Costa Rica
Thumper Bluewater Expeditions,Costa Rica
Yoga Prasanna,Costa Rica
SCD Travel,Costa Rica
La Tómbola,Costa Rica
Odry's Massage,Costa Rica
Paintball Costa Rica,Costa Rica
Sunset Surf Company,Costa Rica
Quepos Cigar Shop,Costa Rica
El Apendice,Costa Rica
Aguamarina,Costa Rica
Wild Wahini Surf School,Costa Rica
Montezuma Thursday Night Fire Show,Costa Rica
Aby's Boutique,Costa Rica
Enrique Sport Fishing & Tours,Costa Rica
Wild Trails Adventures,Costa Rica
Eco Natura Spa,Costa Rica
Sol de Abril,Costa Rica
Spearfishing Costa Rica,Costa Rica
Costa Rica Chillout,Costa Rica
Fashion center,Costa Rica
Tortugueros,Costa Rica
Taxi Aeropuerto / Airport Shuttle,Costa Rica
Fish LaManta Sportfishing Charters,Costa Rica
Tours Paradise,Costa Rica
Bagus,Costa Rica
Cabo Blanco Travelers,Costa Rica
Sapito entre Volcanes,Costa Rica
Tee Times Costa Rica,Costa Rica
The Beach Shack,Costa Rica
Costa Rica Golf Day Tours,Costa Rica
On the Golden Tree Way Day Tour,Costa Rica
Paraiso,Costa Rica
Pecho Amarillo Tours,Costa Rica
Deja Vu,Costa Rica
Club Gaira,Costa Rica
Maureen García Fashion Jewelry,Costa Rica
The Shop,Costa Rica
Star Mountain Jungle Lodge,Costa Rica
Esquina del Souvenir Tamarindo,Costa Rica
Paraiso de Volcanes,Costa Rica
Divine Footprints,Costa Rica
Naroa Spa,Costa Rica
Club Pantera Rosa,Costa Rica
Shuttle Osa,Costa Rica
Jaco Holiday Tours,Costa Rica
Artesanias El Brunca,Costa Rica
Dr Paradise Hot Springs,Costa Rica
Golfo Express,Costa Rica
Tranquilamar,Costa Rica
Okeanos Aggressor,Costa Rica
Flamingo Tours Peniel,Costa Rica
Cuban Republik Quepos,Costa Rica
Artesanias Chorotega,Costa Rica
CORCOVADO EL TIGRE,Costa Rica
Marlin Negro Sport Fishing,Costa Rica
Mas Coyol Sport Bar,Costa Rica
Crocodive Caribe,Costa Rica
Kasasana,Costa Rica
Rainforest Photo Tours,Costa Rica
Kiosco San Jose,Costa Rica
Selva Travel,Costa Rica
Transportes Arasa,Costa Rica
Bahia Bikinis,Costa Rica
In the Box Charters,Costa Rica
Servicio de Guía en Parque Nacional Corcovado,Costa Rica
Teatro La Cambusina,Costa Rica
Pacific Yoga CR,Costa Rica
Rey Natural Tours,Costa Rica
Sandalo Boutique,Costa Rica
Club Lava Lounge and Sportsbar,Costa Rica
Women's Surf Adventures - Day Lessons,Costa Rica
Comarka Rafting,Costa Rica
Harmony and Health,Costa Rica
On The Fly Costa Rica Big Game Fishing,Costa Rica
Fusion Natural Spa,Costa Rica
Smirnov Productions,Costa Rica
Junitos Jazz on the Beach,Costa Rica
David Muise,Costa Rica
Galeria Ocelote,Costa Rica
Ollie's Point Surf Camp - Day Trips,Costa Rica
Stand Up Comedy Palace,Costa Rica
Nicole Loria Yoga,Costa Rica
Centro Campestre Finca Los Laureles,Costa Rica
Good 4 Tuna Sport Fishing,Costa Rica
Casa Campo,Costa Rica
PranaVida Wellness,Costa Rica
Costa Rica Surf Safari,Costa Rica
Sportfishing Unlimited,Costa Rica
TOUR ADVENTURES COSTA RICA,Costa Rica
Fiestas De Zapote,Costa Rica
La Leona Waterfall,Costa Rica
Esterillos Cigar Shop,Costa Rica
Costa Rica Fishing Charter,Costa Rica
Rancho Santiago Romero,Costa Rica
Nosarabuscab,Costa Rica
La Pradera Tours,Costa Rica
Mangrove Monkey Land,Costa Rica
Traslados Costa Rica,Costa Rica
Yoga With Loise K,Costa Rica
Amapola Cardroom & Sportsbar,Costa Rica
E-Plus Travel & Leisure,Costa Rica
Pura Vida Cooking,Costa Rica
Les Barbiers Lounge,Costa Rica
Ride Adventures Costa Rica,Costa Rica
Cab Costa Rica,Costa Rica
Camino Travel,Costa Rica
Valle de Silencio,Costa Rica
Cortours CR,Costa Rica
Wine Art,Costa Rica
New Style Salon y Spa,Costa Rica
Transmike,Costa Rica
Moonstone,Costa Rica
Costa Rica Dream Tours,Costa Rica
Suspiro Esmeralda Bikinis,Costa Rica
La Bendita Yoga,Costa Rica
Parque Acuatico Los Sueños,Costa Rica
IO Cultura de Yoga,Costa Rica
Transgalia Tamarindo,Costa Rica
Auto-Transportes AB Isla de Chira,Costa Rica
Surf Pacifico - Day Lessons,Costa Rica
Art Depot,Costa Rica
Rebkrte,Costa Rica
Intercultura,Costa Rica
Baxter Bowling,Costa Rica
Art Sense,Costa Rica
Indigenous Artisinal Tailor,Costa Rica
"Terapia Fisica, Rehabilitacion, Masaje terapeutico y relajante.",Costa Rica
Bam BamBoo Shop,Costa Rica
Water ski costa tica,Costa Rica
Mambo Surf,Costa Rica
Caballo Del Mar,Costa Rica
Viajes Ticos,Costa Rica
Snacks Bar Palenque Ojo de agu,Costa Rica
Art Fusion,Costa Rica
Boogaloo Salsa Club,Costa Rica
Matis Boutique,Costa Rica
Mahagony Rain Forest Reserve AGUIA,Costa Rica
NANDITOUR,Costa Rica
FiveStars,Costa Rica
Miravalles 360 Tours and Trails.,Costa Rica
El 13,Costa Rica
"Pelagic Tours, Scuba and Sport Fishing",Costa Rica
Yo Te Llevo,Costa Rica
Cr Paraiso,Costa Rica
Capitol Hobby Shop,Costa Rica
Wasabi Fishing Charters,Costa Rica
Playa Grande Yoga,Costa Rica
Ask The Nomad,Costa Rica
Sabalocostarica,Costa Rica
Advanced Flight Helicopters,Costa Rica
Inspirit Travel,Costa Rica
Amgolfacademy,Costa Rica
PEDRO VIALES GRIMAS,Costa Rica
Javier Leal Reyes,Costa Rica
H.I.S. México,Costa Rica
The Photo Experiences,Costa Rica
Cocos Transfers,Costa Rica
Mall San Pedro,Costa Rica
【Comfortable ride】Private airport transfer in Alajuela,Costa Rica
Campfire Stories,Costa Rica
Caribe Shuttle Liberia (Plaza Santa Rosa),Costa Rica
Excursiones Delgado,Costa Rica
Must Do Experiences Monteverde,Costa Rica
Viktor Berrios,Costa Rica
Superior SK8 Surf Style,Costa Rica
SUP Lake Arenal,Costa Rica
Sol Naciente Surf School,Costa Rica
Ronald Gerardo Jimenez Saborio,Costa Rica
Underground Paintball,Costa Rica
Eco Cultural Farm Tours El Jobo,Costa Rica
Chepeteando/ San José a pie,Costa Rica
Booking Monteverde,Costa Rica
Tim Thomson,Costa Rica
Pure Dream Life,Costa Rica
tourmancostarica.com,Costa Rica
Osa expedition,Costa Rica
Fisiq Pilates & Fitness,Costa Rica
Surf Bikini Retreat,Costa Rica
Lifestyle | Underwater | Fashion | Surf Photography,Costa Rica
Arenal Outdoor Center,Costa Rica
Santos Fuentes Herrera,Costa Rica
Reymond Tours Manzanillo,Costa Rica
Karina Patricia,Costa Rica
Viajerosyturistascr,Costa Rica
City Vape,Costa Rica
Under30Experiences,Costa Rica
Movemen29,Costa Rica
Priscilla Sayegh jewelry,Costa Rica
La Casa Del Habano,Costa Rica
Costa Rica Paradise,Costa Rica
Divi Rent-a-Car,Costa Rica
Bijaguadreams,Costa Rica
Las Pavitas,Costa Rica
Costaeasy,Costa Rica
Katonga,Costa Rica
Costa Rican Discounts,Costa Rica
Transportes Yama,Costa Rica
scott k wimer,Costa Rica
Arenal Fortuna,Costa Rica
Casa Luisa,Costa Rica
NATURA Journeys,Costa Rica
Eco Bromelias Lodge and Tours,Costa Rica
Red de Senderos de Isla de Chira,Costa Rica
Superior SK8 Surf Style,Costa Rica
Futpool,Costa Rica
Tbtamatransfers. Tours,Costa Rica
Padma Yoga Center,Costa Rica
City Place - Centro Urbano,Costa Rica
Peninsula Fine Art,Costa Rica
Turrialba Shuttle,Costa Rica
Jaime Diaz,Costa Rica
Green Dragon Kung Fu,Costa Rica
Do Tai Chi - Taichi Costa Rica Retreats,Costa Rica
Eco Farms Carara Experiences,Costa Rica
Jose David Villegas Mata,Costa Rica
Etreker Travel,Costa Rica
Outdoor Explorer Costa Rica,Costa Rica
Hari OM Yoga and Wellness,Costa Rica
Faro Travel Costa Rica,Costa Rica
Olán Tours,Costa Rica
Tiana Yoga Trainings and Retreats,Costa Rica
Tours and Activities,Costa Rica
Business Class Costa Rica,Costa Rica
Maes Arenal,Costa Rica
Etreker Travel,Costa Rica
ArteRubio Centro de Arte y Galería,Costa Rica
Faro Travel Costa Rica,Costa Rica
Sweet Dreams Sportfishing,Costa Rica
Into Freediving,Costa Rica
Osa Tour CR,Costa Rica
Lucero Tours,Costa Rica
La Piel De Naranja,Costa Rica
Asiel Spa & Estética,Costa Rica
Tres Ninas Tours,Costa Rica
The King Catamaran,Costa Rica
Viajes Intercontinental,Costa Rica
Finca Trapiche Hernández,Costa Rica
Costa Rica Fishing,Costa Rica
BRI - Day Spa & Wellness Center Dominical,Costa Rica
Salamandra Tours,Costa Rica
Richie Guadamuz,Costa Rica
Bamobam,Costa Rica
El Indio Waterfall,Costa Rica
Etreker Travel,Costa Rica
xtremesaltwaterkayakfishing,Costa Rica
Cesar Segre Ferreira Neto,Costa Rica
Dr Bob Bacher,Costa Rica
Reserva Natural las Piritas,Costa Rica
TransMira Tours,Costa Rica
Redfrogteam Guardianes de La Naturaleza,Costa Rica
Zapaton,Costa Rica
Lakos Adventure,Costa Rica
Samuel Garro,Costa Rica
Parque Itarär,Costa Rica
Estero Tour,Costa Rica
Tatiana Falk,Costa Rica
Etreker Travel,Costa Rica
Costa Rica Private Transfers | Tamarindo Beach,Costa Rica
Arenal Destinations,Costa Rica
ASOLIVI,Costa Rica
Plaza Moín / Cines,Costa Rica
Plant Revolution,Costa Rica
Celebrity Yacht Club,Costa Rica
"Surf Lessons , Private Group and Children",Costa Rica
Geo Expediciones,Costa Rica
Nanarte,Costa Rica
Loghan Esthetic Center,Costa Rica
Skyline Costa Rica,Costa Rica
Spa La Naturaleza,Costa Rica
Osa Vida,Costa Rica
Defijo Travel,Costa Rica
Arenal Outdoor Center,Costa Rica
Experiencias JM,Costa Rica
Ken Miller,Costa Rica
Eco Explorer,Costa Rica
AQUA TOURS C.R.,Costa Rica
CR Limo Company,Costa Rica
Gina Travel Costa Rica,Costa Rica
Áurea Concept Store,Costa Rica
Ride Anywhere,Costa Rica
Granja El Granero,Costa Rica
Massage Jaco Mailyn,Costa Rica
Costa Rica B&B Tours,Costa Rica
YoCreo,Costa Rica
EcoPaz Park,Costa Rica
Metallic Building (edificio Metálico),Costa Rica
Ferry Coonatramar,Costa Rica
Onca Experience Tour operador,Costa Rica
Flextourscostarica,Costa Rica
Casa Mare,Costa Rica
Tim Thomson,Costa Rica
Licorera 32,Costa Rica
Happy Day Costa Rica,Costa Rica
Raul Barquero,Costa Rica
Guapa Massages Natural Tehrapy,Costa Rica
Terruño Local Experience,Costa Rica
Tropical Touch Events,Costa Rica
Endy Tattoo Shop,Costa Rica
Monteverde Adventure Costa Rica,Costa Rica
Puntarenas Cruise Port,Costa Rica
Children’s Eternal Rainforest,Costa Rica
Dragonfly Holistics,Costa Rica
Rino Travels Costa Rica,Costa Rica
Casa de Español,Costa Rica
Turtle Love,Costa Rica
Chachagua Rainforest Private Reserve & Tours,Costa Rica
Blue Marlin Sport Fishing,Costa Rica
Manuel Antonio Park,Costa Rica
Casa Mare,Costa Rica
Witches Rock Surf N Fish,Costa Rica
Viveros Alpe,Costa Rica
Vanilla Bean Costa Rica,Costa Rica
Filadelfia Shuttle Services,Costa Rica
Oregon day tours,Costa Rica
Opatrip.com Costa Rica,Costa Rica
CR Limo Company,Costa Rica
Ultra Travel Costa Rica,Costa Rica
Be Tours Costa Rica,Costa Rica
San Tours,Costa Rica
Boruca Village,Costa Rica
Ima Nat Camp,Costa Rica
Transmore Tours & Transfers,Costa Rica
Blackhand Surfing,Costa Rica
Esencial Airport Transfer & Tours Costa Rica,Costa Rica
Academia de Español Nicoya,Costa Rica
ACCE Spanish Language School Costa Rica,Costa Rica
Costa Rica Tours Discounts,Costa Rica
tAMA vibes,Costa Rica
Jenny Gabb,Costa Rica
Private Chef Don Mohito,Costa Rica
Wam Inversiones ambientales Costa Rica,Costa Rica
Aurora Expeditions Guanacaste,Costa Rica
Granja Ecoturística Rancho Alegre San Vicente,Costa Rica
Arteria,Costa Rica
Viktours,Costa Rica
Granja Ecoturistica Rancho Alegre San Vicente,Costa Rica
Etreker Travel,Costa Rica
Oasis Boutique,Costa Rica
epiramphotos,Costa Rica
Yesi Spa,Costa Rica
Willy Tours Costa Rica,Costa Rica
"La Fortuna, San Carlos Costa Rica",Costa Rica
Gersan Horses,Costa Rica
Farm Experience,Costa Rica
Nativa Turismo Costa Rica,Costa Rica
The Loft Nightlife,Costa Rica
Healthyself,Costa Rica
Catarata La Leona,Costa Rica
Mood Lounge Club,Costa Rica
Camda Massages Spa,Costa Rica
Josué Castro Martínez,Costa Rica
Twilight Walk through the Rainforest and Hot springs,Costa Rica
Kuén-kérwá Masaje,Costa Rica
David Ceciliano Quesada,Costa Rica
Bike CR,Costa Rica
Centro Comercial Paseo San Luis,Costa Rica
Arenal Private Tours,Costa Rica
Hecho de Arcilla,Costa Rica
Boat Trip And Fishing Bibanga,Costa Rica
Orvin Jeison Brown,Costa Rica
Kids Saving The Rainforest Wildlife Rescue,Costa Rica
Iglesia de San Bartolome,Costa Rica
Dárt Galeria & Enmarcado,Costa Rica
Escalante & Los Yoses Self Guided EBike Tours,Costa Rica
San Juan El Diamante Verde,Costa Rica
The Sushi Bar,Costa Rica
#1 Jaco Tour a caballo,Costa Rica
Yuli waves tour,Costa Rica
Tributos del Ota - Speciality Coffee,Costa Rica
Macrobiotica BP,Costa Rica
Greenway Nature Day Tours - Puntarenas,Costa Rica
ZarpeUno,Costa Rica
MarVerde Manuel Antonio,Costa Rica
Eco Tours & Travel,Costa Rica
Transfer Costa Rica,Costa Rica
AR-51,Costa Rica
"The YARD, Cocktails To Go",Costa Rica
Suigeneris,Costa Rica
"Vacation Planning, Shuttles and Tours in Costa Rica",Costa Rica
Bamba Travel,Costa Rica
Explore Jaco,Costa Rica
Exploring Costa Rica,Costa Rica
DMC Passport Adventure,Costa Rica
Playa Grande,Costa Rica
Figues - Natures is calling...,Costa Rica
Verdiazul,Costa Rica
Uvita Surf Experience,Costa Rica
Tour Life Costa Rica,Costa Rica
Puravidacr transport,Costa Rica
james grant,Costa Rica
Galvez Artesanía Contemporánea,Costa Rica
Figues Nature is Calling,Costa Rica
Arenal Organic Farm and Night Walk Tour,Costa Rica
Central America Travelers,Costa Rica
Combo Mangrove & Snorkel From Jaco,Costa Rica
Yates en Costa Rica,Costa Rica
Creative Paradise Photoshoots,Costa Rica
Tropical Tide CR,Costa Rica
Biking Brothers,Costa Rica
Shiatsu Spa,Costa Rica
Costa Rica port Transfers - Vince Group,Costa Rica
Polideportivo Santo Domingo,Costa Rica
Jacob's Tours,Costa Rica
Triyolo - Costa Rica,Costa Rica
Rinconcito Lodge,Costa Rica
EMERALD FOREST CR,Costa Rica
Numu Yu Beauty Bar & Boutique,Costa Rica
Mirador Rancho Redondo,Costa Rica
Tecolote Travel,Costa Rica
Kobata Adventures,Costa Rica
Golfo dulce tour operator,Costa Rica
doYOGA,Costa Rica
Yoga Fortuna,Costa Rica
Ride Everywhere,Costa Rica
Pure Dreams,Costa Rica
Faro Travel Costa Rica,Costa Rica
Jungle Crocodile Safari,Costa Rica
Ronny,Costa Rica
"Santa Gertrudis Parish, Greece-Costa Rica.",Costa Rica
Donkey's Tour Puntarenas,Costa Rica
Drake Bay Diving,Costa Rica
Jaguar Travel Co.,Costa Rica
Playa Panama,Costa Rica
Freddy Camacho,Costa Rica
MOODDEPORTE,Costa Rica
Soul Tours,Costa Rica
Feeling Puravida,Costa Rica
Trm Transports,Costa Rica
Monteverde Adventure Tours,Costa Rica
Makai Rides CR,Costa Rica
Trans Beto,Costa Rica
Bhlumi,Costa Rica
Caribbean Conections,Costa Rica
Carlos Campos,Costa Rica
ASOLIVI,Costa Rica
Urri Trek Costa Rica,Costa Rica
Guayabo National Monument,Costa Rica
Andrea Corte,Costa Rica
Catedral De San Antonio De Padua,Costa Rica
Get a Local Friend,Costa Rica
Joyeria Frutal,Costa Rica
Rio Rita Spa,Costa Rica
Tropicalia Tours,Costa Rica
Greenwood Nature Park,Costa Rica
Robert Clark,Costa Rica
costa rican ride travel & tours,Costa Rica
Osa Kayak Adventure,Costa Rica
Wings and Waves Flyboard,Costa Rica
Monteverde Yoga & Wellness,Costa Rica
Hotel de Campo Caño Negro,Costa Rica
Hakuna Matata,Costa Rica
F De Imagen,Costa Rica
Inspiring Tours,Costa Rica
José andres Paredes urbina,Costa Rica
Take a Trip CR,Costa Rica
Villa Mango Moon,Costa Rica
Chrisdiving Dive Center,Costa Rica
Lab-o-talleres El Legado De Newton,Costa Rica
Shopping Center Plaza Conchal,Costa Rica
Trapiche Bazu Restaurante Y Turismo Cultural,Costa Rica
Collective Arts Bar Y Mercado,Costa Rica
Spanish Travel Classes,Costa Rica
Duruimity Adventures,Costa Rica
Nomad@home,Costa Rica
Corco Outdoors,Costa Rica
Backcountry Butler CR 4x4 Safari Tours and Rentals,Costa Rica
Ryme,Costa Rica
Guideme Aroundcr,Costa Rica
Volcano Trail,Costa Rica
taxiGo DMC,Costa Rica
Monte Caoba Rural Tour,Costa Rica
MDC TRAVEL EXPERIENCE,Costa Rica
"Dr. Michele Poff, PhD",Costa Rica
The Surfing Co + Coffee,Costa Rica
The Pirate Club Cr,Costa Rica
Treintaycinco Fábrica De Cervezas,Costa Rica
Elife Las Vegas,Costa Rica
Tafa Souvenir And Indigenous Gallery Art,Costa Rica
Decoraciones M&v,Costa Rica
Juan López Arroyo,Costa Rica
Blanco Shuttle Service,Costa Rica
Vidasna,Costa Rica
Mediglobal,Costa Rica
Lets Travel Costa Rica,Costa Rica
Elev8 Health,Costa Rica
Lu Tai Yoga Masaje,Costa Rica
Lu Tai Yoga Masaje,Costa Rica
Ricardo Tours Costa Rica,Costa Rica
Kindred Spirits Wellness Academy,Costa Rica
Anesis wellness & Spa at Nepenthe,Costa Rica
Upeee Tienda de Arte y Diseño,Costa Rica
BLACK & WHITE Luxury Ride,Costa Rica
Parasailing Manuel Antonio,Costa Rica
Iglesia Catolica Santa Elena,Costa Rica
Selina-Jaco,Costa Rica
Carritos Colibrí,Costa Rica
Sana Spa,Costa Rica
Flemming Andersen,Costa Rica
Kindred Spirit Cloud Forest,Costa Rica
Congos Boat Trip,Costa Rica
Van Parijs Gallery,Costa Rica
Rainbow Country,Costa Rica
Magma Club,Costa Rica
CoCo SurfSchool,Costa Rica
Jaco Spa Massage,Costa Rica
DARWIN Costa Rica,Costa Rica
Coco Camping & Tours,Costa Rica
Coco Tours & Camping,Costa Rica
Albee Adventures,Costa Rica
Horse Safari Punta Mala Marine Refuge,Costa Rica
Kindred Spirits Yoga School & Sanctuary,Costa Rica
Vamonos Costa Rica Tours,Costa Rica
Kindred Spirits Wellness,Costa Rica
Ocean Dream Sailing,Costa Rica
Felipe diaz,Costa Rica
Ciclo cocles Bike rental,Costa Rica
Massage San Jose,Costa Rica
Jungle Paintball,Costa Rica
Massage Jaco,Costa Rica
Samara explorers,Costa Rica
Plaza San Carlos,Costa Rica
La Montaña Sanadora. Spa de Salud.,Costa Rica
Monteverde Express Shuttle Services,Costa Rica
Playa Tortuga,Costa Rica
Playa Tortuga,Costa Rica
Ariana Solano,Costa Rica
Elements Travel,Costa Rica
Playa Barco Quebrado,Costa Rica
Private Tourist Transport Castro CR,Costa Rica
Night Wings Project,Costa Rica
Will Ocampo González,Costa Rica
Eder Alonso Castillo Matarrita,Costa Rica
Opatrip.com Costa Rica,Costa Rica
Travels for Her,Costa Rica
Opatrip.com Costa Rica,Costa Rica
Opatrip.com Costa Rica,Costa Rica
Catedral San Isidro Labrador,Costa Rica
WOW Yoga Retreats,Costa Rica
Howlanders,Costa Rica
Condominios El Castillo,Costa Rica
Natural Connection Spa,Costa Rica
Intensa Language Institute,Costa Rica
VIP Tamarindo Tours,Costa Rica
Sueltalo2 Sportfishing,Costa Rica
Autotransporte Garabito,Costa Rica
Transporte Playa Colorada,Costa Rica
Tamae Surf,Costa Rica
Chamorrotours,Costa Rica
Jema Tours Experiences,Costa Rica
Rémy Cailhau,Costa Rica
Horseback Riders Tamarindo,Costa Rica
Obed Canales Montenegro,Costa Rica
Zen Village Paintball Field,Costa Rica
Alvaro Jimenez Vargas,Costa Rica
RANDY DELGADO,Costa Rica
El Camino De Costa Rica,Costa Rica
Fukawee Bike Tours,Costa Rica
Randall's Waterfalls Tours,Costa Rica
Jacó Walking tours,Costa Rica
Senderos Del Toro Tour,Costa Rica
Souvenir Mi Finca,Costa Rica
Aroma Thais Spa & Beauty,Costa Rica
DreamAdventours,Costa Rica
King of The Jungle Tours,Costa Rica
Kirms Shop,Costa Rica
Streamline Transportation Group,Costa Rica
Tenorios Biohots Springs,Costa Rica
Rebis Project,Costa Rica
Opatrip.com Liberia,Costa Rica
Flextourscostarica,Costa Rica
Adventure Arenal Tours and Shuttles,Costa Rica
BodySpa,Costa Rica
Buenos Aires Adventure Tours,Costa Rica
CR ONLINE GUIDE,Costa Rica
Checoloco Specialty Coffee Experience,Costa Rica
Bloom Nosara,Costa Rica
Nasua Travel,Costa Rica
Noctturno,Costa Rica
La Ranita Tours,Costa Rica
Brenda Ridgley,Costa Rica
GO SUP COSTA RICA,Costa Rica
Surfing w the locals,Costa Rica
Costa Rica Premier Tours,Costa Rica
Morphosis Studio,Costa Rica
Hada Pole Dance,Costa Rica
Best Travel Puerto Viejo,Costa Rica
Trending Tours,Costa Rica
Solangie's Tour,Costa Rica
Kevash Tours,Costa Rica
Uno De Uno Cr,Costa Rica
Iglesia Católica Montezuma,Costa Rica
Iglesia Biblica Sinaí,Costa Rica
Pacifico Tours Experience,Costa Rica
Mon Paradis Costa Rica,Costa Rica
Manuel Hernández Durán,Costa Rica
Paradise Cart Rentals,Costa Rica
Witches Rock Boat Trips,Costa Rica
Coco Ocean Adventures Costa Rica,Costa Rica
Tango India Vip,Costa Rica
Jose Masis,Costa Rica
"Corcovado2,5",Costa Rica
Guana Ride,Costa Rica
Hectours,Costa Rica
La Compañía - Walking Tours,Costa Rica
Costa Rica road tours,Costa Rica
Liberia Guancaste,Costa Rica
Mn Holistica,Costa Rica
Guat2do Travel Experiences San Jose Costa Rica,Costa Rica
Oscartur,Costa Rica
Take off surf school,Costa Rica
Greenland Boutique Hotel & Spa,Costa Rica
Hecho De Arcilla,Costa Rica
Jaco Private Chef,Costa Rica
Liq Stix,Costa Rica
Isla Garza,Costa Rica
Selva Tica Monteverde,Costa Rica
Buenos Aires Adventure Tours,Costa Rica
Jabad Lubavitch De Costa Rica,Costa Rica
La Experiencia Colibrí / The Hummingbird Experience,Costa Rica
Rickyguide,Costa Rica
BodyWork Studio,Costa Rica
Sloth Land,Costa Rica
Kay’s tour,Costa Rica
Happy Feet Rooftop Skatepark,Costa Rica
Tours Rio Sierpe,Costa Rica
La Dulce Vida,Costa Rica
Bitzu Handcrafted Store,Costa Rica
Your Lucky Tour,Costa Rica
Orange San Jose Airport Transportation,Costa Rica
Astilleroverde,Costa Rica
The Residences,Costa Rica
Costa Rica Safe Travel,Costa Rica
BEST COSTA RICA TRAVEL,Costa Rica
Iglesia de San Gerado de Dota,Costa Rica
Drivenway,Costa Rica
La Leona Waterfall,Costa Rica
Buen Camino Bike PArk,Costa Rica
Lar Transportes New,Costa Rica
Bijagua Ranas Costa Rica,Costa Rica
Numuyu wellness & spa,Costa Rica
Costa Rica Manuel Antonio,Costa Rica
Bosque Nuboso El Cocora,Costa Rica
Adventure Guides,Costa Rica
Moonstone Vintage,Costa Rica
Rincon de las Vieja volcano tour & transfers,Costa Rica
Chef Alonso,Costa Rica
Hidden Woods Cr,Costa Rica
Elevate Pure Magik,Costa Rica
Henry Tours Costa Rica,Costa Rica
Finca Rancho verde,Costa Rica
Horseback Riding Costa Rica,Costa Rica
Surfistahamster Surf school,Costa Rica
My Driver Jose,Costa Rica
Beauty Care Spa Salon,Costa Rica
Senderos Del Toro Tours,Costa Rica
Best Ride,Costa Rica
Guided Tours by Olger Villegas Fonseca,Costa Rica
Finca Orgánica Tinamastes,Costa Rica
Coastline Hiking Trail Of Manuel Antonio,Costa Rica
All Exclusive Tours CR,Costa Rica
henry tours costa rica,Costa Rica
Samara surf coach,Costa Rica
Tortuguero Tours by Serendipity,Costa Rica
Los Amigos Surf School,Costa Rica
Mnholistica,Costa Rica
Efoil Garza - Nosara,Costa Rica
Eco Spa Center,Costa Rica
HNL Arenal Costa Rica,Costa Rica
Wildlife Journeys CR,Costa Rica
Home: Hands On Massage Experience,Costa Rica
jonprofessionaltourguide,Costa Rica
Tropical Touch,Costa Rica
Hedonism,Costa Rica
Costa Rica Rent & Transfer,Costa Rica
Amarilis Estética y Spa,Costa Rica
Wonder Away - Costa Rica,Costa Rica
Leona Waterfall Tours,Costa Rica
Licorera El Kapi,Costa Rica
Rio Leon Tours,Costa Rica
Be-Yu Head Spa,Costa Rica
Roam4x4Rentals,Costa Rica
Guanacaste Heritage Tours Papagayo,Costa Rica
Castro’s transportation service,Costa Rica
Allan Adventures,Costa Rica
The New Religion Tattoo Studio,Costa Rica
Avetoro Nature Experience,Costa Rica
"Jakera Costa Rica - Spanish School, Yoga and Surf Camp",Costa Rica
Bribri Cultura del Chocolate y Espiritualidad Auténtica.,Costa Rica
Manuel Antonio Travels,Costa Rica
Endless Costa Rica,Costa Rica
Tropilocal Tours,Costa Rica
The Best of Jaco Tourism,Costa Rica
Marko Travel Costa Rica,Costa Rica
Emanuel waterfalls tours,Costa Rica
Nosara Hot Rentals,Costa Rica
Nauyaca Waterfall Nature Park,Costa Rica
Vida Adventura Adventure Park,Costa Rica
KidsGym & Childcare,Costa Rica
Dreams las mareas/Arenal,Costa Rica
Punta Morales Tours a Caballo,Costa Rica
Gabriel,Costa Rica
Agamy,Costa Rica
Horizonte Horse Experience,Costa Rica
Museo José Figueres Ferrer,Costa Rica
Tortuguero,Costa Rica
Manuel Antonio Experiences,Costa Rica
Arenal Tropical Adventures,Costa Rica
Bijagua Wildlife Tours.,Costa Rica
Verdiazul Turtle Sanctuary/Hatchery,Costa Rica
Spa Jireh La Fortuna,Costa Rica
Transporte privado desde el Aeropuerto de San José a La Fortuna,Costa Rica
Tour Guide Haniel Rodríguez,Costa Rica
Transporte Lutan,Costa Rica
Iawá Organic Beauty,Costa Rica
De Pesca Lago Arenal.,Costa Rica
Green and blue tamarindo tours,Costa Rica
Green and Blue Tours Tamarindo,Costa Rica
Coco Adventures,Costa Rica
Travel to Costa Rica,Costa Rica
Costa Rica Transfers,Costa Rica
Coffee Tour Adventure by Hacienda Orosi,Costa Rica
Ayana Spa,Costa Rica
Pacific Coast Surfing School,Costa Rica
Green And Wild,Costa Rica
Heart To Heart Guidance,Costa Rica
Teepee Tap,Costa Rica
Parque Nacional Volcán Arenal,Costa Rica
Alexander Transportations,Costa Rica
Joyería Emilia Rodríguez,Costa Rica
Art classes tamarindo,Costa Rica
Rainforest spa massages,Costa Rica
Blue Mystic Surf School,Costa Rica
Kay´s tour,Costa Rica
LesCampos,Costa Rica
Jimeza Travels Costa Rica,Costa Rica
Montetravel - Auténticas experiencias del Bosque Nuboso,Costa Rica
Topo's Fishing & Tours,Costa Rica
Coffee Tour Bijagua,Costa Rica
Oh My Nails - Opi Nail Bar,Costa Rica
Corcovado-Wildlife,Costa Rica
Kamala Yoga Holístico,Costa Rica
Morphosis Studio,Costa Rica
Horseback Riding Jaco,Costa Rica
Sports bar y Casino Limon,Costa Rica
Sunset Painting Meditation,Costa Rica
The Upper Level,Costa Rica
Buscando Costa Rica,Costa Rica
Rio Celeste Pura Vida,Costa Rica
Travel and Birding,Costa Rica
Silver Fox Tours,Costa Rica
Paradise Art and Adventure Activities,Costa Rica
Unforgettable Tours,Costa Rica
Costa Rica dog rescue & adoption,Costa Rica
Efoil Costa Rica Paradise,Costa Rica
Dolphin Tours Uvita,Costa Rica
Lauren,Costa Rica
Marea Santa,Costa Rica
Costa Rica Tour Office,Costa Rica
Arenal Lake's Nest,Costa Rica
Pura Vida Resin Art,Costa Rica
Studio jimenez,Costa Rica
Cali E-Bikes,Costa Rica
Naturalist Fishing expert Diving and birding Experiences,Costa Rica
Rio León Tours,Costa Rica
Parque Nacional Tortuguero,Costa Rica
Avenida Carlo R. Matikainen,Costa Rica
Tours by Mila,Costa Rica
Purr Vida Lounge,Costa Rica
Unibe,Costa Rica
Tours with Louise,Costa Rica
Josh,Costa Rica
Parque Nacional Cahuita,Costa Rica
Surf School 506,Costa Rica
Botos Lake - Poas,Costa Rica
Liberia Airport Costa Rica,Costa Rica
Cortes transportation,Costa Rica
Pura Fria Ice Bath,Costa Rica
Physis,Costa Rica
Reflect Hair Salon & Spa,Costa Rica
Life & Dive,Costa Rica
Kobata Adventures,Costa Rica
